"s0","s1","s2","s3","s4","s5","s6","s7","s8","s9","s10","s11","s12","s13","s14","s15","s16","s17","s18","s19","s20","s21","s22","s23","s24","s25","s26","s27","s28","s29","s30","s31","s32","s33","s34","s35","s36","s37","s38","s39","s40","s41","s42","s43","s44","s45","s46","s47","s48","s49","s50","s51","s52","s53","s54","s55","s56","s57","s58","s59","s60","s61","s62","s63","s64","s65","s66","s67","s68","s69","s70","s71","s72","s73","s74","s75","s76","s77","s78","s79","s80","s81","s82","s83","s84","s85","s86","s87","s88","s89","s90","s91","s92","s93","s94","s95","s96","s97","s98","s99"
-0.209457035469246,-0.197330181008047,-0.182489301692752,-0.168322963246833,-0.158331606892533,-0.15206036844688,-0.146073465624701,-0.140358676765309,-0.134903633879427,-0.129696531111685,-0.124726099201057,-0.119981581091825,-0.11545164303636,-0.11112866302082,-0.107002169371362,-0.103063231226906,-0.0993033239002296,-0.0969814539663578,-0.0946328155964325,-0.0916213472152458,-0.0887470131644071,-0.0860033222555479,-0.0833843363330149,-0.0808843873626418,-0.078498064931239,-0.0762202045372458,-0.0740458764136686,-0.0719703748590315,-0.0699892080532533,-0.0668110870156788,-0.063670454462584,-0.0606809641383437,-0.0578273520335313,-0.0551034410009207,-0.0525033359286573,-0.0500214096447698,-0.0476518026190097,-0.0454371998454566,-0.0433065392954736,-0.0412727429454616,-0.0393313857688602,-0.0374782662721126,-0.0357093739164823,-0.0340208804484145,-0.0324091316143867,-0.030870639252339,-0.0294020737425604,-0.0272685957575675,-0.0248513727027945,-0.0224628528733666,-0.0197401970962037,-0.016826587334595,-0.0137533133432813,-0.0107419294051717,-0.00786840591642085,-0.00487025851375397,-0.00206811408065466,0.000509489455337103,0.00294792548918182,0.00529529497720396,0.00763594200263595,0.0116507287158597,0.017172888820335,0.0233879727292371,0.0283787572212569,0.0326756370527322,0.0368581234441049,0.0410198770233245,0.0449870275621994,0.0492659024537984,0.0541329521653141,0.058467074676936,0.062550630332234,0.0656669383172011,0.0690849524924745,0.0728493138004824,0.0767579508382882,0.0803161050390555,0.082401740365893,0.0833603809071902,0.0834272331029485,0.0831220841299053,0.0823587556898097,0.0810939659662118,0.0809584441024662,0.0807776167007332,0.081641333004168,0.0823825566279028,0.082934082081354,0.0835127444606134,0.0838396479101269,0.084508969012823,0.0867707114791334,0.089618889580535,0.0932141513906866,0.0957135058805378,0.0991412456101977,0.101216500720271,0.104220582344368,0.106540247916153
0,0,0,0,0,0,0,0,0,0,0,0,0,0,0,0,0,0,0,0,0,0,0,0,0,0,0,0,0,0,0,0,0,0,0,0,0.0249565599862626,0.0810656757914409,0.134481115058678,0.185468909205217,0.234139229183269,0.280597408003542,0.324943990895753,0.36727495315374,0.407681907846111,0.446252304086119,0.483069616289853,0.518155495191011,0.55168789466491,0.583709472764083,0.614605526669727,0.645451156748757,0.674379838276651,0.702320577993545,0.728988565315075,0.751149722227287,0.770665611851811,0.790164675891785,0.808051207959939,0.82535066086011,0.841407659809523,0.852627192423423,0.862995012085312,0.872816641281898,0.88059976485788,0.887836693769858,0.892146328098178,0.895506434922608,0.897104321287733,0.898484954295281,0.900657697013204,0.902683871668381,0.905417526609425,0.909155293000813,0.912470381466818,0.915675045797489,0.918668978998496,0.921334809098151,0.921840074040848,0.920284279060558,0.918373320256167,0.916917911143057,0.915904135789099,0.912357987064691,0.911136849163763,0.910028530154616,0.909509689699081,0.909414713203482,0.908447580876042,0.908011349563775,0.906951107804608,0.908916339992709,0.912086555769444,0.915413647959831,0.917609873143809,0.919590734204711,0.920645038251188,0.922243453539982,0.922629552872015,0.923289987750086
0,0,0,0,0,0,0,0,0,0,0,0,0,0,0,0,0,0.0247775736099146,0.100829875156036,0.185072381728887,0.265502143003592,0.342276254950791,0.415560865024445,0.485514576467318,0.552288783762879,0.616028000281676,0.676870171038526,0.734946971234434,0.790384091229295,0.846237501150314,0.899346269376333,0.950179833798303,0.998702896110002,1.04502051028261,1.08923291740733,1.13143580239353,1.17185211805735,1.2112805795867,1.24870575243784,1.284430298741,1.31853110923368,1.35108198526027,1.38215337373444,1.41181251964881,1.44012361160727,1.46714792074263,1.49294393332014,1.51718670373658,1.53982453829965,1.56166146242279,1.58588047074432,1.61200338245531,1.63704905089565,1.66082807962383,1.68352674150831,1.70211442314557,1.71859014670785,1.73578646561345,1.75221507907233,1.76790220143815,1.78313773003726,1.79617119702272,1.80640440959945,1.81463654444081,1.82386703589406,1.8311475237367,1.83840269711947,1.84208766869685,1.84607684361542,1.85047025629641,1.8535324432821,1.85747515088682,1.861469042142,1.86244067516843,1.86566928618054,1.86642726948612,1.86776682165304,1.86622592262022,1.86501515717874,1.8633492886369,1.86359192452304,1.86374578258544,1.86735164763937,1.87054578717549,1.8748678395724,1.878664542848,1.88140472919965,1.88416745162076,1.88714326959864,1.88927075700636,1.89073951281928,1.89032107361099,1.89033263500473,1.89048028274913,1.89050093364791,1.8908954505079,1.89085257178646,1.89128215950282,1.8918875789611,1.89287335989868
0,0,0,0,0.0788712726738043,0.227107569528298,0.368590621434242,0.503643050044868,0.63255713734357,0.755611880416515,0.873073595501712,0.985196494353141,1.09219943260672,1.19436271833401,1.29188253069361,1.38496991707675,1.47382633808347,1.54874984118551,1.61272124332072,1.67585397207444,1.73608854963337,1.79358536730428,1.84846886587214,1.90085782472629,1.95086562454665,1.99860049268622,2.0441657373978,2.08765997141466,2.12917732536915,2.17075178633575,2.21071090065587,2.24881515753476,2.28518751095645,2.31990668483228,2.35304781867205,2.38468263683081,2.4130167690099,2.43742956527166,2.46078242600922,2.48307382694695,2.50435204902589,2.52466314307217,2.54405106654717,2.5625577789781,2.58022333276693,2.59708595987214,2.61318215455068,2.62982783341344,2.64650702936573,2.66226369509894,2.67892045962379,2.69525803315831,2.71139771017359,2.72693687188515,2.74176522005995,2.75342924895117,2.7653789269005,2.77704345738809,2.78879610976636,2.7997662295556,2.81032839184702,2.81792721855244,2.82530682544728,2.83169554861009,2.8391982644267,2.84727588354305,2.85308695536166,2.85800795645382,2.85965060008407,2.86164646773808,2.86254720144869,2.86492769656449,2.86761696794952,2.86945410354455,2.87185803574691,2.87315511494522,2.87479840126753,2.87518310915803,2.87691541058816,2.87773075196583,2.87632349662476,2.87324741349821,2.86954912428201,2.86398518244995,2.85746292477883,2.85259978037279,2.84587620170179,2.84128410506582,2.83710631667501,2.83335686343401,2.83025637238298,2.8264120114872,2.82503828573697,2.82317517879931,2.82141207553654,2.82117038071323,2.81965555706245,2.81956503398188,2.81868706578777,2.81837462890707
0,-0.0891197674172024,-0.198184794714903,-0.302292648197704,-0.418384648812342,-0.544661108828955,-0.665194786371428,-0.780250022196625,-0.890075819984429,-0.994909865764433,-1.09497904236935,-1.190499920457,-1.28167418265101,-1.36870947728326,-1.45178888464515,-1.53109220472312,-1.60679106651169,-1.68039483863688,-1.74385509784583,-1.8003958272612,-1.85435929137592,-1.9058700320435,-1.95503953004871,-2.00197419848441,-2.04677561380364,-2.08954073565289,-2.13036211671303,-2.1693281030028,-2.20652302507801,-2.23774610101418,-2.26730075542705,-2.29548283902386,-2.32238397784711,-2.34806241840071,-2.37257373420064,-2.39597097286821,-2.42195008446758,-2.45138424142316,-2.4794960727095,-2.50633014734068,-2.53194457182338,-2.55639478118161,-2.57973369078957,-2.60201181093601,-2.62327735613913,-2.64357634949283,-2.6629527222704,-2.68059274133133,-2.69760329132265,-2.71361138240853,-2.72327643054968,-2.7298221060064,-2.73557815487986,-2.74113934196046,-2.74645066724817,-2.75141148229724,-2.75376768887305,-2.75666426143745,-2.75805172960616,-2.75996743179732,-2.76172910493425,-2.76194216662598,-2.76234254616055,-2.76406780548474,-2.76421859519284,-2.76489799628219,-2.76656522654738,-2.76914805089864,-2.7718813369246,-2.77305972770109,-2.77843166063224,-2.78182191429256,-2.78481751219589,-2.78867807933747,-2.7907341804878,-2.79461237861586,-2.79663678847322,-2.79851919934712,-2.79768412401378,-2.79627076490877,-2.79086058666315,-2.78501720318275,-2.77880307393693,-2.77175807084353,-2.76352492349442,-2.75668508823422,-2.75147707164183,-2.7463853648067,-2.74013697064885,-2.73556438048648,-2.73142247286193,-2.72611898562361,-2.72398854239474,-2.72171253078125,-2.7204382851351,-2.72024078050099,-2.71925700862518,-2.71902287828203,-2.71854982753866,-2.71823825965847
0,0,0,0,0,0,0,0,0,0,0,0,0,0,0,0,0,0,-0.0638821908481779,-0.156057033311847,-0.244043177495732,-0.328030217311382,-0.408199916547522,-0.484725779224422,-0.557773423337372,-0.627500939288173,-0.694059232025871,-0.757592347636689,-0.818237785089913,-0.86655232998988,-0.911916774608139,-0.9552472622821,-0.996608276873647,-1.03608936950841,-1.07377598555026,-1.10974968672981,-1.14552546882603,-1.1812522933139,-1.21541231373835,-1.24801989440734,-1.27914541000373,-1.30885622287917,-1.33721663345559,-1.36428801960161,-1.39012896946699,-1.41479540827966,-1.43834071937964,-1.45935387082124,-1.47965600300976,-1.49864846835362,-1.51405906137332,-1.52583506869766,-1.53620819421422,-1.5462343375214,-1.55580181080051,-1.56601358724231,-1.57533054675319,-1.58436762582418,-1.59240058189675,-1.60038904844684,-1.60859188049339,-1.61740458342983,-1.62513186209709,-1.63332825571612,-1.63954207460979,-1.64442521318256,-1.64957070146495,-1.65447563708839,-1.65900693716968,-1.66131298241473,-1.66836832354727,-1.67386300889555,-1.67875722578532,-1.68278739238528,-1.68544353452225,-1.68840417190341,-1.68996176330214,-1.69080371887446,-1.68918115153919,-1.68816946107337,-1.68745711087262,-1.68763240226482,-1.68831391217338,-1.68980612176629,-1.69095896147605,-1.69151793693923,-1.69275942499764,-1.69354555982897,-1.69354413053837,-1.69355697810029,-1.6929862373679,-1.69157571931332,-1.68970290285019,-1.68733875561265,-1.68405525557025,-1.68189065310808,-1.67899700843484,-1.67693465116836,-1.67365875346787,-1.6711411265808
0,0,0,0,0,0,0,0,0,0,0,0,0,0,0,0,0,0,0,0,0,0,0,0,0,0,0,0,0,-0.0296524335686859,-0.0599420943379099,-0.0888814137508757,-0.116505408580151,-0.142873850206572,-0.168043805465645,-0.192069747412441,-0.2201202382634,-0.253796240160238,-0.285823342517968,-0.316394845693356,-0.345576826820346,-0.373432441867452,-0.400021976220034,-0.425402975199647,-0.449630368604172,-0.472756589587401,-0.494831688135363,-0.513875188997858,-0.530415586445706,-0.546567489264871,-0.560192129962693,-0.573311498769382,-0.586657921854013,-0.599627443770155,-0.612008269183668,-0.622745909437082,-0.631604962747312,-0.641565909171656,-0.650821541495535,-0.659859946582732,-0.668605293339308,-0.674773363194369,-0.680825701486438,-0.68682950451927,-0.69158971560321,-0.695506743960517,-0.697973951258499,-0.699870276465236,-0.701934253591896,-0.701922794691537,-0.703279532649738,-0.704463386846147,-0.70535613687732,-0.707903752563607,-0.709568942836751,-0.711612579558062,-0.713853337566966,-0.716269652641142,-0.716914271250378,-0.716219335520502,-0.715130116155439,-0.714666887144902,-0.713819385999498,-0.714568208390307,-0.714167130955237,-0.714467822822606,-0.715037413262262,-0.715186834479775,-0.714116116425047,-0.713455423633287,-0.713211644367264,-0.713729737851485,-0.715423952848633,-0.717373964472595,-0.720217124317911,-0.722626155951943,-0.726026536001344,-0.728537262767431,-0.731381269688939,-0.733781738512958
0,0,0,0,0,0,0,0,0,0,0,0,0,0,0,0,0,0,0,0,0,0,0,0,0,0,0,0,0,0,0,0,0,0,0,0,0,0,0,0,0,0,0,0,0,0,0,0,0,0,0,0,0,0,0,0,0,0,0,0,0,0,0,0,0,0,0,0,0,0.00201044701155202,0.00368947383106323,0.00517768263454139,0.00588234767849152,0.00526210096927599,0.00343878130113387,0.00172182031860503,0,0,0,0,0,0,0,0,0,0,0,0.00168124502264986,0.00464787918751342,0.0075439000086626,0.00976207954148304,0.0125081579350605,0.0162915528019362,0.0214055538384978,0.0285280014491277,0.0332953164840906,0.0397212080999125,0.0443506535701472,0.0499696089931502,0.0550497492992554
0,0,0,0,0,0,0,0,0,0,0,0,0,0,0,0,0,0,0,0,0,0,0,0,0,0,0,0,0,0,0,0,0,0,0,0,0,0,0,0,0,0,0,0,0,0,0,0,0,0,0,0,0,0,0,0,0,0,0,0,0,0,0,0,0,0,0,0,0,0,0,0,0,0,0,0,0,0,0,0,0,0,0,0,0,0,0,0,0,0,0,0,0,0,0,0,0,0,0,0
0,0,0,0,0,0,0,0,0,0,0,0,0,0,0,0,0,0,0,0,0,0,0,0,0,0,0,0,0,0,0,0,0,0,0,0,0,0,0,0,0,0,0,0,0,0,0,0,0,0,0,0,0,0,0,0,0,0,0,0,0,0,0,0,0,0,0,0,0,0,0,0,0,0,0,0,0,0,0,0,0,0,0,0,0,0,0,0,0,0,0,0,0,0,0,0,0,0,0,0
0,0,0,0,0,0,0,0,0,0,0,0,0,0,0,0,0,0,0,0,0,0,0,0,0,0,0,0,0,0,0,0,0,0,0,0,0,0,0,0,0,0,0,0,0,0,0,0,0,0,0,0,0,0,0,0,0,0,0,0,0,0,0,0,0,0,0,0,0,0,0,0,0,0,0,0,0,0,0,0,0,0,0,0,0,0,0,0,0,0,0,0,0,0,0,0,0,0,0,0
0,0,0,0,0,0,0,0,0,0,0,0,0,0,0,0,0,0,0,0,0,0,0,0,0,0,0,0,0,0,0,0,0,0,0,0,0,0,0,0,0,0,0,0,0,0,0,0,0,0,0,0,0,0,0,0,0,0,0,0,0,0,0,0,0,0,0,0,0,0,0,0,0,0,0,0,0,0,0,0,0,0,0,0,0,0,0,0,0,0,0,0,0,0,0,0,0,0,0,0
0,0,0,0,0,0,0,0,0,0,0,0,0,0,0,0,0,0,0,0,0,0,0,0,0,0,0,0,0,0,0,0,0,0,0,0,0,0,0,0,0,0,0,0,0,0,0,0,0,0,0,0,0,0,0,0,0,0,0,0,0,0,0,0,0,0,0,0,0,0,0,0,0,0,0,0,0,0,0,0,0,0,0,0,0,0,0,0,0,0,0,0,0,0,0,0,0,0,0,0
0,0,0,0,0,0,0,0,0,0,0,0,0,0,0,0,0,0,0,0,0,0,0,0,0,0,0,0,0,0,0,0,0,0,0,0,0,0,0,0,0,0,0,0,0,0,0,0,0,0,0,0,0,0,0,0,0,0,0,0,0,0,0,0,0,0,0,0,0,0,0,0,0,0,0,0,0,0,0,0,0,0,0,0,0,0,0,0,0,0,0,0,0,0,0,0,0,0,0,0
0,0,0,0,0,0,0,0,0,0,0,0,0,0,0,0,0,0,0,0,0,0,0,0,0,0,0,0,0,0,0,0,0,0,0,0,0,0,0,0,0,0,0,0,0,0,0,0,0,0,0,0,0,0,0,0,0,0,0,0,0,0,0,0,0,0,0,0,0,0,0,0,0,0,0,0,0,0,0,0,0,0,0,0,0,0,0,0,0,0,0,0,0,0,0,0,0,0,0,0
0,0,0,0,0,0,0,0,0,0,0,0,0,0,0,0,0,0,0,0,0,0,0,0,0,0,0,0,0,0,0,0,0,0,0,0,0,0,0,0,0,0,0,0,0,0,0,0,0,0,0,0,0,0,0,0,0,0,0,0,0,0,0,0,0,0,0,0,0,0,0,0,0,0,0,0,0,0,0,0,0,0,0,0,0,0,0,0,0,0,0,0,0,0,0,0,0,0,0,0
0,0,0,0,0,0,0,0,0,0,0,0,0,0,0,0,0,0,0,0,0,0,0,0,0,0,0,0,0,0,0,0,0,0,0,0,0,0,0,0,0,0,0,0,0,0,0,0,0,0,0,0,0,0,0,0,0,0,0,0,0,0,0,0,-0.000388701877261974,-0.0037642644118109,-0.00754927621550304,-0.0110926013278519,-0.0141349586615603,-0.0177337837581809,-0.0215825351665897,-0.0253859052474759,-0.0289264931976954,-0.0322056759864945,-0.0354022869391146,-0.0385639317722006,-0.0417667082940857,-0.0440460642975789,-0.0465906267024574,-0.0498827974312936,-0.0511384416293632,-0.052288869362081,-0.0540674775083563,-0.053809389921253,-0.0547890720222834,-0.0554367699461935,-0.0559623053662499,-0.0569566806044448,-0.0580163065367982,-0.0592104719572101,-0.0606431252181878,-0.0619089523856279,-0.0636674721846156,-0.0657053742677754,-0.0677313674263785,-0.069225073728463,-0.0714918088163622,-0.0728532489559668,-0.074437091206972,-0.0758912189436518
0,0,0,0,0,0,0,0,0,0,0,0,0,0,0,0,0,0,0,0,0,0,0,0,0,0,0,0,0,0,0,0,0,0,0,0,0,0,0,0,0,0,0,0,0,0,0,0,0,0,0,0,0,0,0,0.00785923301624377,0.0178223668083534,0.0262053734899399,0.0344123421455381,0.0420648880883554,0.0490664391114687,0.0544921968591756,0.0603872755434467,0.0655444896773501,0.0695633492998709,0.0728580713766102,0.0750606190333374,0.0786284575305555,0.0792632349162627,0.0790040450787058,0.0778173081981052,0.076642038228589,0.0761648464953475,0.0763548059780792,0.0745766744633076,0.0737620639071289,0.0706075257309806,0.0674047249695641,0.0644721200322923,0.0623229002828986,0.0620034807782605,0.0621198501692734,0.0632560037448516,0.0635383266430228,0.0623838344993775,0.0620104821212919,0.0623619967209073,0.0622794745020456,0.062424659606187,0.0627679616464284,0.0632140796648361,0.0620697609635131,0.0618043128914511,0.0611100422804447,0.0587995478840248,0.0578447428839037,0.0552748387422404,0.0542148689315832,0.0526148500095184,0.0514923387750021
0,0,0,0,0,0,0,0,0,0,0,0,0,0,0,0,0,0,0,0,0,0,0,0,0,0,0,0,0,0,0,0,0,0,0,0,0,0,0,0,0,0,0,0,0,0,0,0,0,0,0,0,0,0,0,0,0,0,0,0,0,0,0,0,0,0,0,0,0,0,0,0,0,0,0,0,0,0,0,0,0,0,0,0,0,0,0,0,0,0,0,0,0,0,0,0,0,0,0,0
0,0,0,0,0,0,0,0,0,0,0,0,0,0,0,0,0,0,0,0,0,0,0,0,0,0,0,0,0,0,0,0,0,0,0,0,0,0,0,0,0,0,0,0,0,0,0,0,0,0,0,0,0,0,0,0,0,0,0,0,0,0,0,0,0,0,0,0,0,0,0,0,0,0,0,0,0,0,0,0,0,0,0,0,0,0,0,0,0,0,0,0,0,0,0,0,0,0,0,0
0,0,0,0,0,0,0,0,0,0,0,0,0,0,0,0,0,0,0,0,0,0,0,0,0,0,0,0,0,0,0,0,0,0,0,0,0,0,0,0,0,0,0,0,0,0,0,0,0,0,0,0,0,0,0,0,0,0,0,0,0,0,0,0,0,0,0,0,0,0,0,0,0,0,0,0,0,0,0,0,0,0,0,0,0,0,0,0,0,0,0,0,0,0,0,0,0,0,0,0
0,0,0,0,0,0,0,0,0,0,0,0,0,0,0,0,0,0,0,0,0,0,0,0,0,0,0,0,0,0,0,0,0,0,0,0,0,0,0,0,0,0,0,0,0,0,0,0,0,0,0,0,0,0,0,0,0,0,0,0,0,0,0,0,0,0,0,0,0,0,0,0,0,0,0,0,0,0,0,0,0,0,0,0,0,0,0,0,0,0,0,0,0,0,0,0,0,0,0,0
0,0,0,0,0,0,0,0,0,0,0,0,0,0,0,0,0,0,0,0,0,0,0,0,0,0,0,0,0,0,0,0,0,0,0,0,0,0,0,0,0,0,0,0,0,0,0,0,0,0,0,0,0,0,0,0,0,0,0,0,0,0,0,0,0,0,0,0,0,0,0,0,0,0,0,0,0,0,0,0,0,0,0,0,0,0,0,0,0,0,0,0,0,0,0,0,0,0,0,0
0,0,0,0,0,0,0,0,0,0,0,0,0,0,0,0,0,0,0,0,0,0,0,0,0,0,0,0,0,0,0,0,0,0,0,0,0,0,0,0,0,0,0,0,0,0,0,0,0,0,0,0,0,0,0,0,0,0,0,0,0,0,0,0,0,0,0,0,0,0,0,0,0,0,0,0,0,0,0,0,0,0,0,0,0,0,0,0,0,0,0,0,0,0,0,0,0,0,0,0
0,0,0,0,0,0,0,0,0,0,0,0,0,0,0,0,0,0,0,0,0,0,0,0,0,0,0,0,0,0,0,0,0,0,0,0,0,0,0,0,0,0,0,0,0,0,0,0,0,0,0,0,0,0,0,0,0,0,0,0,0,0,0,0,0,0,0,0,0,0,0,0,0,0,0,0,0,0,0,0,0,0,0,0,0,0,0,0,0,0,0,0,0,0,0,0,0,0,0,0
0,0,0,0,0,0,0,0,0,0,0,0,0,0,0,0,0,0,0,0,0,0,0,0,0,0,0,0,0,0,0,0,0,0,0,0,0,0,0,0,0,0,0,0,0,0,0,0,0,0,0,0,0,0,0,0,0,0,0,0,0,0,0,0,0,0,0,0,0,0,0,0,0,0,0,0,0,0,0,0,0,0,0,0,0,0,0,0,0,0,0,0,0,0,0,0,0,-7.44528839433891e-05,-0.00142070230180696,-0.00254354207194951
0,0,0,0,0,0,0,0,0,0,0,0,0,0,0,0,0,0,0,0,0,0,0,0,0,0,0,0,0,0,0,0,0,0,0,0,0,0,0,0,0,0,0,0,0,0,0,0,0,0,0,0,0,0,0,0,0,0,0,0,0,0,0,0,0,0,0,0,0,0,0,0,0,0,0,0,0,0,0,0,0,0,0,0,0,0,0,0,0,0,0,0,0,0,0,0,0,0,0,0
0,0,0,0,0,0,0,0,0,0,0,0,0,0,0,0,0,0,0,0,0,0,0,0,0,0,0,0,0,0,0,0,0,0,0,0,0,0,0,0,0,0,0,0,0,0,0,0,0,-0.00106139452611331,-0.0078350105081241,-0.0125231241367689,-0.0153395053674895,-0.0181603207949987,-0.0208497119883149,-0.025958242096393,-0.0314723613831454,-0.0366247630260777,-0.0419305134241663,-0.0469537802413333,-0.0517986484870606,-0.0584463930577906,-0.0648366605584951,-0.0712589834469768,-0.0774283744077193,-0.0832708101790401,-0.0869429450745567,-0.0887636945057938,-0.0908440764369128,-0.0925704050670976,-0.0933935839319893,-0.0944176355599457,-0.0956495570832889,-0.0957408397335378,-0.094867389672527,-0.0941087701477792,-0.0931921668162376,-0.0930118712905618,-0.092881755831775,-0.0926370989064598,-0.0927148954729438,-0.0938510327123025,-0.0963601340476927,-0.098008159963335,-0.0999160411633919,-0.101510859093214,-0.103822315943068,-0.105074851198963,-0.106855238754643,-0.108323855036956,-0.109429595681032,-0.109106769267124,-0.107516745795614,-0.104693902665938,-0.102320128355142,-0.101632164120927,-0.100279896820596,-0.0998849142078959,-0.0983845243077865,-0.0971090854330627
0,0,0,0,0,0,0,0,0,0,0,0,0,0,0,0,0,0,0,0,0,0,0,0,0,0,0,0,0,0,0,0,0,0,0,0,0,0,0,0,0,0,0,0,0,0,0,0,0,0,0,0,0,0,0,0,0,0,0,0,0,0,0,0,0,0,0,0,0,0,0,0,0,0,0,0,0,0,0,0,0,0,0,0,0,0,0,0,0,0,0,0,0,0,0,0,0,0,0,0
0,0,0,0,0,0,0,0,0,0,0,0,0,0,0,0,0,0,0,0,0,0,0,0,0,0,0,0,0,0,0,0,0,0,0,0,0,0,0,0,0,0,0,0,0,0,0,0,0,0,0,0,0,0,0,0,0,0,0,0,0,0,0,0,0,0,0,0,0,0,0,0,0,0,0,0,0,0,0,0,0,0,0,0,0,0,0,0,0,0,0,0,0,0,0,0,0,0,0,0
0,0,0,0,0,0,0,0,0,0,0,0,0,0,0,0,0,0,0,0,0,0,0,0,0,0,0,0,0,0,0,0,0,0,0,0,0,0,0,0,0,0,0,0,0,0,0,0,0,0,0,0,0,0,0,0,0,0,0,0,0,0,0,0,0,0,0,0,0,0,0,0,0,0,0.00270058190230504,0.00696506825459927,0.0118659030351301,0.0170165379053342,0.0202784792098581,0.0221773626494717,0.0245155050164909,0.026642618101383,0.0285236343379128,0.0311169727053544,0.0332428007740043,0.0349226698755194,0.0363636859442458,0.0371871089510518,0.0368792046476885,0.0368026296939494,0.0367464161705363,0.0369650954004113,0.0363095622096608,0.0355591671735746,0.035988975541806,0.0361628211646032,0.0361383364098708,0.03588852555659,0.035619073525885,0.0357111163910336
0,0,0,0,0,0,0,0,0,0,0,0,0,0,0,0,0,0,0,0,0,0,0,0,0,0,0,0,0,0,0,0,0,0,0,0,0,0,0,0,0,0,0,0,0,0,0,0,0,0,0,0,0,0,0,0,0,0,0,0,0,0,0,0,0,0,0,0,0,0,0,0,0,0,0,0,0,0,0,0,0,0,0,0,0,0,0,0,0,0,0,0,0,0,0,0,0,0,0,0
0,0,0,0,0,0,0,0,0,0,0,0,0,0,0,0,0,0,0,0,0,0,0,0,0,0,0,0,0,0,0,0,0,0,0,0,0,0,0,0,0,0,0,0,0,0,0,0,0,0,0,0,0,0,0,0,0,0,0,0,0,0,0,0,0,0,0,0,0,0,0,0,0,0,0,0,0,0,0,0,0,0,0,0,0,0,0,0,0,0,0,0,0,0,0,0,0,0,0,0
0,0,0,0,0,0,0,0,0,0,0,0,0,0,0,0,0,0,0,0,0,0,0,0,0,0,0,0,0,0,0,0,0,0,0,0,0,0,0,0,0,0,0,0,0,0,0,0,0,0,0,0,0,0,0,0,0,0,0,0,0,0,0,0,0,0,0,0,0,0,0,0,0,0,0,0,0,0,0,0,0,0,0,0,0,0,0,0,0,0,0,0,0,0,0,0,0,0,0,0
0,0,0,0,0,0,0,0,0,0,0,0,0,0,0,0,0,0,0,0,0,0,0,0,0,0,0,0,0,0,0,0,0,0,0,0,0,0,0,0,0,0,0,0,0,0,0,0,0,0,0,0,0,0,0,0,0,0,0,0,0,0,0,0,0,0,0,0,0,0,0,0,0,0,0,0,0,0,0,0,0,0,0,0,0,0,0,0,0,0,0,0,0,0,0,0,0,0,0,0
0,0,0,0,0,0,0,0,0,0,0,0,0,0,0,0,0,0,0,0,0,0,0,0,0,0,0,0,0,0,0,0,0,0,0,0,0,0,0,0,0,0,0,0,0,0,0,0,0,0,0,0,0,0,0,0,0,0,0,0,0,0,0,0,0,0,0,0,0,0,0,0,0,0,0,0,0,0,0,0,0,0,0,0,0,0,0,0,0,0,0,0,0,0,0,0,0,0,0,0
0,0,0,0,0,0,0,0,0,0,0,0,0,0,0,0,0,0,0,0,0,0,0,0,0,0,0,0,0,0,0,0,0,0,0,0,0,0,0,0,0,0,0,0,0,0,0,0,0,0,0,0,0,0,0,0,0,0,0,0,0,0,0,0,0,0,0,0,0,0,0,0,0,0,0,0,0,0.000453132381875779,0.00533067246215527,0.00992709970083277,0.0131587137380086,0.0164230993973727,0.0190363724433034,0.0195432137647861,0.0206789683119344,0.0224725613281879,0.0234499164850107,0.0254905463664097,0.0284004879628837,0.0316087609053645,0.0346637357807984,0.039139519814793,0.0421392424151165,0.0455595512467477,0.051049566718003,0.0547667388660174,0.0598490914905311,0.0631826877163348,0.0658535295120729,0.0684721761549137
0,0,0,0,0,0,0,0,0,0,0,0,0,0,0,0,0,0,0,0,0,0,0,0,0,0,0,0,0,0,0,0,0,0,0,0,0,0,0,0,0,0,0,0,0,0,0,0,0,0,0,0,0,0,0,0,0,0,0,0,0,0,0,0,0,0,0,0,0,0,0,0,0,0,0,0,0,0,0,0,0,0,0,0,0,0,0,0,0,0,0,0,0,0,0,0,0,0,0,0
0,0,0,0,0,0,0,0,0,0,0,0,0,0,0,0,0,0,0,0,0,0,0,0,0,0,0,0,0,0,0,0,0,0,0,0,0,0,0,0,0,0,0,0,0,0,0,0,0,0,0,0,0,0,0,0,0,0,0,0,0,0,0,0,0,0,0,0,0,0,0,0,0,0,0,0,0,0,0,0,0,0,0.000901308613745559,0.0094149924674851,0.0152149410680147,0.020690390601563,0.0243478567011225,0.0284753028802037,0.0324470350068394,0.0357151579770475,0.0386795676026413,0.0394143996582831,0.0412550254190604,0.0429339625009481,0.0440495956769832,0.0461937177957506,0.0480124134011332,0.0500331185354855,0.0528996294086017,0.0555314372120915
0,0,0,0,0,0,0,0,0,0,0,0,0,0,0,0,0,0,0,0,0,0,0,0,0,0,0,0,0,0,0,0,0,0,0,0,0,0,0,0,0,0,0,0,0,0,0,0,0,0,0,0,0,0,0,0,0,0,0,0,0,0,0,0,0,0,0,0,0,0,0,0,0,0,0,0,0,0,0,0,0,0,0,0,0,0,0,0,0,0,0,0,0,0,0,0,0,0,0,0
0,0,0,0,0,0,0,0,0,0,0,0,0,0,0,0,0,0,0,0,0,0,0,0,0,0,0,0,0,0,0,0,0,0,0,0,0,0,0,0,0,0,0,0,0,0,0,0,0,0,0,0,0,0,0,0,0,0,0,0,0,0,0,0,0,0,0,0,0,0,0,0,0,0,0,0,0,-0.000920595994884079,-0.00709751643319075,-0.0149461374156811,-0.0236197862691548,-0.0324907424471188,-0.0431738240024455,-0.0538355332438048,-0.06339852369749,-0.0724117866679873,-0.0794526815947022,-0.0861140336397208,-0.0932416829675578,-0.0992380728523371,-0.104012953978877,-0.108067514349416,-0.109978350568218,-0.111627853093647,-0.112177288693267,-0.113521748312634,-0.114377260661515,-0.115583274148187,-0.116694045765917,-0.117787525199307
0,0,0,0,0,0,0,0,0,0,0,0,0,0,0,0,0,0,0,0,0,0,0,0,0,0,0,0,0,0,0,0,0,0,0,0,0,0,0,0,0,0,0,0,0,0,0,0,0,0,0,0,0,0,0,0,0,0,0,0,0,0,0,0,0,0,0,0,0,0,0,0,0,0,0,0,0,0,0,0,0,0,0,0,0,-0.000590417492892239,-0.00125833860893988,-0.00210132705678359,-0.0030609656970999,-0.00440967956526074,-0.00543300109884958,-0.0074938236837681,-0.00989492391268835,-0.0130042022345135,-0.0163515577958228,-0.0182343461248519,-0.0211334047312362,-0.0231348324365179,-0.0257631422362946,-0.0281436904864805
0,0,0,0,0,0,0,0,0,0,0,0,0,0,0,0,0,0,0,0,0,0,0,0,0,0,0,0,0,0,0,0,0,0,0,0,0,0,0,0,0,0,0,0,0,0,0,0,0,0,0,0,0,0,0,0,0,0,0,0,0,0,0,0,0,0,0,0,0,0,0,0,0,0,0,0,0,0,0,0,0,0,0,0,0,0,0,0,0,0,0,0,0,0,0,0,0,0,0,0
0,0,0,0,0,0,0,0,0,0,0,0,0,0,0,0,0,0,0,0,0,0,0,0,0,0,0,0,0,0,0,0,0,0,0,0,0,0,0,0,0,0,0,0,0,0,0,0,0,0,0,0,0,0,0,0,0,0,0,0,0,0,0,0,0,0,0,0,0,0,0,0,0,0,0,0,0,0,0,0,0,0,0,0,0,0,0,0.000187293678714534,0.00203448549468621,0.00351836264418802,0.00541401122840521,0.00594799746197339,0.00540558545784063,0.00374619271497302,0.000951159192956782,0,0,0,0,0
0,0,0,0,0,0,0,0,0,0,0,0,0,0,0,0,0,0,0,0,0,0,0,0,0,0,0,0,0,0,0,0,0,0,0,0,0,0,0,0,0,0,0,0,0,0,0,0,0,0,0,0,0,0,0,0,0,0,0,0,0,0,0,0,0,0,0,0,0,0,0,0,0,0,0,0,0,0,0,0,0,0,0,0,0,0,0,0,0,0,0,0,0,0,0,0,0,0,0,0
0,0,0,0,0,0,0,0,0,0,0,0,0,0,0,0,0,0,0,0,0,0,0,0,0,0,0,0,0,0,0,0,0,0,0,0,0,0,0,0,0,0,0,0,0,0,0,0,0,0,0,0,0,0,0,0,0,0,0,0,0,0,0,0,0,0,0,0,0,0,0,0,0,0,0,0,0,0,0,0,0,0,0,0,0,0,0,0,0,0,0,0,0,0,0,0,0,0,0,0
0,0,0,0,0,0,0,0,0,0,0,0,0,0,0,0,0,0,0,0,0,0,0,0,0,0,0,0,0,0,0,0,0,0,0,0,0,0,0,0,0,0,0,0,0,0,0,0,0,0,0,0,0,0,0,0,0,0,0,0,0,0,0,0,0,0,0,0,0,0,0,0,0,0,0,0,0,0,0,0,0,0,0,0,0,0,0,0,0,0,0,0,0,0,0,0,0,0,0,0
0,0,0,0,0,0,0,0,0,0,0,0,0,0,0,0,0,0,0,0,0,0,0,0,0,0,0,0,0,0,0,0,0,0,0,0,0,0,0,0,0,0,0,0,0,0,0,0,0,0,0,0,0,0,0,0,0,0,0,0,0,0,0,0,0,0,0,0,0,0,0,0,0,0,0,0,0,0,0,0,0,0,0,0,0,0,0,0,0,0,0,0,0,0,0,0,0,0,0,0
0,0,0,0,0,0,0,0,0,0,0,0,0,0,0,0,0,0,0,0,0,0,0,0,0,0,0,0,0,0,0,0,0,0,0,0,0,0,0,0,0,0,0,0,0,0,0,0,0,0,0,0,0,0,0,0,0,0,0,0,0,0,0,0,0,0,0,0,0,0,0,0,0,0,0,0,0,0,0,0,0,0,0,0,0,0,0,0,0,0,0,0,0,0,0,0,0,0,0,0
0,0,0,0,0,0,0,0,0,0,0,0,0,0,0,0,0,0,0,0,0,0,0,0,0,0,0,0,0,0,0,0,0,0,0,0,0,0,0,0,0,0,0,0,0,0,0,0,0,0,0,0,0,0,0,0,0,0,0,0,0,0,0,0,0,0,0,0,0,0,0,0,0,0,0,0,0,0,0,0,0,0,0,0,0,0,0,0,0,0,0,0,0,0,0,0,0,0,0,0
0,0,0,0,0,0,0,0,0,0,0,0,0,0,0,0,0,0,0,0,0,0,0,0,0,0,0,0,0,0,0,0,0,0,0,0,0,0,0,0,0,0,0,0,0,0,0,-0.00786346947944551,-0.0187015405452172,-0.0287951900981029,-0.0359615643354795,-0.0413143374240374,-0.0456997632065819,-0.0502050569260814,-0.054500565054273,-0.0593323520919438,-0.0647550655983209,-0.0667634589740261,-0.0682877042987954,-0.0696296276426253,-0.069857166806459,-0.0698156095346646,-0.0695961370394545,-0.0694436471629522,-0.0675608800059988,-0.0659601247631628,-0.0656138948123293,-0.0679151814650788,-0.0713929351093677,-0.0729908629507012,-0.0752110500264051,-0.0760247829174667,-0.0749258074753074,-0.0724391809642741,-0.0697406499670293,-0.0681446428062362,-0.0653313385758083,-0.0596656130253375,-0.0550495043791664,-0.0518620915319005,-0.0441815005727802,-0.0351736025855672,-0.0296123250134752,-0.0226973118111164,-0.0156621859047722,-0.00932331466114941,-0.00247679214123339,0,0,0,0,0,0,0,0,0,0,0,0,0
0,0,0,0,0,0,0,0,0,0,0,0,0,0,0,0,0,0,0,0,0,0,0,0,0,0,0,0,0,0,0,0,0,0,0,0,0,0,0,0,0,0,0,0,0,0,0,0,0,0,0,0,0,0,0,0,0,0,0,0,0,0,0,0,0,0,0,0,0,0,0,0,0,0,0,0,0,0,0,0,0,0,0,0,0,0,0,0,0,0,0,0,0,0,0,0,0,0,0,0
0,0,0,0,0,0,0,0,0,0,0,0,0,0,0,0,0,0,0,0,0,0,0,0,0,0,0,0,0,0,0,0,0,0,0,0,0,0,0,0,0,0,0,0,0,0,0,0,0,0,0,0,0,0,0,0,0,0,0,0,0,0,-0.00385441118026409,-0.00899920370240125,-0.0141146535856916,-0.0188064587659642,-0.0237456305893621,-0.0292344028712333,-0.0337977822542644,-0.0383136921569434,-0.0436247859290059,-0.0482635827184582,-0.0524478592702811,-0.0552372659781903,-0.0576398498109365,-0.0605953611859373,-0.0632938806555232,-0.0663527325659717,-0.0699643197840397,-0.0742510380825493,-0.0808432974678264,-0.0875617188648951,-0.0937490606398422,-0.0994217460383581,-0.105678862506983,-0.1112001380496,-0.11744570806035,-0.122292751976808,-0.127168403402361,-0.131696397625709,-0.135979016189971,-0.140372326940547,-0.143942337606126,-0.148191561624286,-0.151995613171699,-0.154027959545983,-0.156778783906476,-0.158462258763318,-0.160443528434169,-0.162160749061826
0,0,0,0,0,0,0,0,0,0,0,0,0,0,0,0,0,0,0,0,0,0,0,0,0,0,0,0,0,0,0,0,0,0,0,0,0,0,0,0,0,0,0,0,0,0,0,0,0,0,0,0,0,0,0,0,0,0,0,0,0,0,0,0,0,0,0,0,0,0,0,0,0,0,0,0,0,0,0,0,0,0,0,0,0,0,0,0,0,0,0,0,0,0,0,0,0,0,0,0
0,0,0,0,0,0,0,0,0,0,0,0,0,0,0,0,0,0,0,0,0,0,0,0,0,0,0,0,0,0,0,0,0,0,0,0,0,0,0,0,0,0,0,0,0,0,0,0,0,0,0,0,0,0,0,0,0,0,0,0,0,0,0,0,0,0,0,0,0,0,0,0,0,0,0,0,0,0,0,0,0,0,0,0,0,0,0,0,0,0,0,0,0,0,0,0,0,0,0,0
0,0,0,0,0,0,0,0,0,0,0,0,0,0,0,0,0,0,0,0,0,0,0,0,0,0,0,0,0,0,0,0,0,0,0,0,0,0,0,0,0,0,0,0,0,0,0,0,0,0,0,0,0,0,0,0,0,0,0,0,0,0,0,0,0,0,0,0,0,0,0,0,0,0,0,0,0,0,0,0,0,0,0,0,0,0,0,0,0,0,0,0,0,0,0,0,0,0,0,0
0,0,0,0,0,0,0,0,0,0,0,0,0,0,0,0,0,0,0,0,0,0,0,0,0,0,0,0,0,0,0,0,0,0,0,0,0,0,0,0,0,0,0,0,0,0,0,0,0,0,0,0,0,0,0,0,0,0,0,0,0,0,0,0,0,0,0,0,0,0,0,0,0,0,0,0,0,0,0,0,0,0,0,0,0,0,0,0,0,0,0,0,0,0,0,0,0,0,0,0
0,0,0,0,0,0,0,0,0,0,0,0,0,0,0,0,0,0,0,0,0,0,0,0,0,0,0,0,0,0,0,0,0,0,0,0,0,0,0,0,0,0,0,0,0,0,0,0,0,0,0,0,0,0,0,0,0,0,0,0,0,0,0,0,0,0,0,0,-0.00102826710399201,-0.00922526586841233,-0.0163505465684066,-0.0233839015882142,-0.0306498553824231,-0.0383411547671691,-0.0461841814613465,-0.0531567010309592,-0.0607501054690806,-0.0683667956223036,-0.0766161613405993,-0.0861845698116018,-0.0981905188657139,-0.110337881100267,-0.119805436011533,-0.128268978456884,-0.135765888950575,-0.143160386789378,-0.149118817120288,-0.154492934435087,-0.158927652975309,-0.163134233108948,-0.166768002161445,-0.169547393344999,-0.172231756296688,-0.174030848565134,-0.174043840594335,-0.174691379153907,-0.173202524569276,-0.17290819203746,-0.17154305502473,-0.170749097010086
0,0,0,0,0,0,0,0,0,0,0,0,0,0,0,0,0,0,0,0,0,0,0,0,0,0,0,0,0,0,0,0,0,0,0,0,0,0,0,0,0,0,0,0,0,0,0,0,0,0,0,0,0,0,0,0,0,0,0,0,0,0,0,0,0,0,0,0,0,0,0,0,0,0,0,0,0,0,0,0,0,0,0,0,0,0,0,0,0,0,0,0,0,0,0,0,0,0,0,0
0,0,0,0,0,0,0,0,0,0,0,0,0,0,0,0,0,0,0,0,0,0,0,0,0,0,0,0,0,0,0,0,0,0,0,0,0,0,0,0,0,0,0,0,0,0,0,0,0,0,0,0,0,0,0,0,0,0,0,0,0,0,0,0,0,0,0,0,0,0,0,0,0,-0.000449540797047034,-0.00334578648199442,-0.0051018245228254,-0.00675773403041554,-0.00730100970021898,-0.00590890633482276,-0.00463722410368039,-0.00448412219142949,-0.00562616781924124,-0.00850801538526002,-0.0107784019610273,-0.0121288108176192,-0.0131356825397381,-0.0140189241933129,-0.0145742000240169,-0.0148146428809846,-0.0147526362663687,-0.0149397863734026,-0.0148518523820971,-0.0134330662718625,-0.0107675033129732,-0.00937416894727595,-0.00932735230460884,-0.00906732426304662,-0.00901380034302753,-0.00815891046947493,-0.00776493380274198
0,0,0,0,0,0,0,0,0,0,0,0,0,0,0,0,0,0,0,0,0,0,0,0,0,0,0,0,0,0,0,0,0,0,0,0,0,0,0,0,0,0,0,0,0,0,0,0,0,0,0,0,0,0,0,0,0,0,0,0,0,0,0,0,0,0,0,0,0,0,0,0,0,0,0,0,0,0,0,0,0,0,0,0,0,0,0,0,0,0,0.000442451828630416,0.00451789846544759,0.0078374494147448,0.011652533832376,0.0165125418741116,0.0197900073652725,0.0247736898904893,0.0280840197998428,0.0321811140266056,0.0353894426067603
0,0,0,0,0,0,0,0,0,0,0,0,0,0,0,0,0,0,0,0,0,0,0,0,0,0,0,0,0,0,0,0,0,0,0,0,0,0,0,0,0,0,0,0,0,0,0,0,0,0,0,0,0,0,0,0,0,0,0,0,0,0,0,0,0,0,0,0,0,0,0,0,0,0,0,0,0,0,0,0,0,0,0,0,0,0,0,0,0,0,0,0,0,0,0,0,0,0,0,0
0,0,0,0,0,0,0,0,0,0,0,0,0,0,0,0,0,0,0,0,0,0,0,0,0,0,0,0,0,0,0,0,0,0,0,0,0,0,0,0,0,0,0,0,0,0,0,0,0,0,0,0,0,0,0,0,0,0,0,0,0,0,0,0,0,0,0,0,0,0,0,0,0,0,0,0,0,0,0,0,0,0,0,0,0,0,0,0,0,0,0,0,0,0,0,0,0,0,0,0
0,0,0,0,0,0,0,0,0,0,0,0,0,0,0,0,0,0,0,0,0,0,0,0,0,0,0,0,0,0,0,0,0,0,0,0,0,0,0,0,0,0,0,0,0,0,0,0,0,0,0,0,0,0,0,0,0,0,0,0,0,0,0,0,0,0,0,0,0,0,0,0,0,0,0,0,0,0,0,0,0,0,0,0,0,0,0,0,0,0,0,0,0,0,0,0,0,0,0,0
0,0,0,0,0,0,0,0,0,0,0,0,0,0,0,0,0,0,0,0,0,0,0,0,0,0,0,0,0,0,0,0,0,0,0,0,0,0,0,0,0,0,0,0,0,0,0,0,0,0,0,0,0,0,0,0,0,0,0,0,0,0,0,0,0,0,0,0,0,0,0,0,0,0,0,0,0,0,0,0.00337825518196318,0.00912144079199518,0.0150496681133714,0.0188507357755458,0.0242439068170147,0.028114866974583,0.0312942174214624,0.0340024375688488,0.0358890225494455,0.0374974600547191,0.0389716256863608,0.0409522785743225,0.0452325852203998,0.0484444128331977,0.0520079247665824,0.0546932088400648,0.0564542163440754,0.0586028640675144,0.060177841514962,0.0619549120168572,0.0632550673152265
0,0,0,0,0,0,0,0,0,0,0,0,0,0,0,0,0,0,0,0,0,0,0,0,0,0,0,0,0,0,0,0,0,0,0,0,0,0,0,0,0,0,0,0,0,0,0,0,0,0,0,0,0,0,0,0,0,0,0,0,0,0,0,0,0,0,0,0,0,0,0,0,0,0,0,0,0,0,0,0,0,0,0,0,0,0,0,0,0,0,0,0,0,0,0,0,0,0,0,0
0,0,0,0,0,0,0,0,0,0,0,0,0,0,0,0,0,0,0,0,0,0,0,0,0,0,0,0,0,0,0,0,0,0,0,0,0,0,0,0,0,0,0,0,0,0,0,0,0,0,0,0,0,0,0,0,0,0,0,0,0,0,0,0,0,0,0,0,0,0,0,0,0,0,0,0,0,0,0,0,0,0,0,0,0,0,0,0,0,0,0,0,0,0,0,0,0,0,0,0
0,0,0,0,0,0,0,0,0,0,0,0,0,0,0,0,0,0,0,0,0,0,0,0,0,0,0,0,0,0,0,0,0,0,0,0,0,0,0,0,0,0,0,0,0,0,0,0,0,0,0,0,0,0,0,0,0,0,0,0,0,0,0,0,0,0,0,0,0,0,0,0,0,0,0,0,0,0,0,0,0,0,0,0,0,0,0,0,0,0,0,0,0,0,0,0,0,0,0,0
0,0,0,0,0,0,0,0,0,0,0,0,0,0,0,0,0,0,0,0,0,0,0,0,0,0,0,0,0,0,0,0,0,0,0,0,0,0,0,0,0,0,0,0,0,0,0,0,0,0,0,0,0,0,0,0,0,0,0,0,0,0,0,0,0,0,0,0,0,0.00299744253950911,0.0155241729178023,0.0266996426695946,0.0367164292059086,0.048197918483851,0.0591549869878851,0.0700734042354143,0.0799673812216437,0.087046202504941,0.0929052374819219,0.0965449454600012,0.100892856678262,0.10483832008166,0.109614692967113,0.112849035863919,0.115774893519255,0.119726476619355,0.123925383171049,0.127874746333632,0.131162299021013,0.134590524029107,0.137875105681101,0.140418108621465,0.142578090922062,0.144940079210513,0.147530519554935,0.150156787165847,0.152965509331768,0.155094777585946,0.157203433480872,0.159137723435901
0,0,0,0,0,0,0,0,0,0,0,0,0,0,0,0,0,0,0,0,0,0,0,0,0,0,0,0,0,0,0,0,0,0,0,0,0,0,0,0,0,0,0,0,0,0,0,0,0,0,0,0,0,0,0,0,0,0,0,0,0,0,0,0,0,0,0,0,0,0,0,0,0,0,0,0,0,0,0,0,0,0,0,0,0,0,0,0,0,0,0,0.00268078084752479,0.009281985509494,0.0166703817504031,0.0239247635902895,0.0286771572462103,0.0345176188595192,0.0385971241955237,0.0426095757762785,0.046335678771825
0,0,0,0,0,0,0,0,0,0,0,0,0,0,0,0,0,0,0,0,0,0,0,0,0,0,0,0,0,0,0,0,0,0,0,0,0,0,0,0,0,0,0,0,0,0,0,0,0,0,0,0,0,0,0,0.00895466113199062,0.0185807705381364,0.0291991977305794,0.039990949089207,0.0502216692744566,0.0602665221901048,0.0721366019795996,0.0822429326296309,0.0910429226740084,0.10039680937987,0.108840019977694,0.117539944259023,0.124784706694662,0.133504145126563,0.142991739924495,0.150150076048153,0.157589393810959,0.164619050627775,0.171147813144437,0.17855746923614,0.184204283438219,0.190712356843192,0.197614925549639,0.204986136288476,0.212220176945798,0.220703612015466,0.230320863394738,0.238431927691786,0.245282254735773,0.254753914307768,0.263244541680631,0.270874209328206,0.278123378935837,0.285154196546992,0.291388261140339,0.297146027449613,0.303376351812648,0.307702350301273,0.312037792762674,0.317485177902766,0.321576700349081,0.326758098690223,0.330431597207584,0.334038451170404,0.337075711181056
0,0,0,0,0,0,0,0,0,0,0,0,0,0,0,0,0,0,0,0,0,0,0,0,0,0,0,0,0,0,0,0,0,0,0,0,0,0,0,0,0,0,0,0,0,0,0,0,0,0,0,0,0,0,0,0,0,0,0,0,0,0,0,0,0,0,0,0.000598896523376947,0.0109910484422939,0.0203815970464245,0.0281353462344797,0.0353913789225901,0.0428134424498192,0.0524100114946561,0.0614682808493252,0.0697217793502627,0.0778467361046317,0.0848932627758681,0.0923264652562664,0.0991957494714667,0.10360626645491,0.107231781411062,0.108981257032394,0.110645011663183,0.113872662220784,0.116560315771345,0.11825990219712,0.120056063224932,0.121135834353285,0.122630813035853,0.124583366892715,0.128627486179044,0.133012594817587,0.137923637026395,0.140356339980284,0.141709161648658,0.143169663855725,0.144621902081056,0.146899331625203,0.148405600955741
0,0,0,0,0,0,0,0,0,0,0,0,0,0,0,0,0,0,0,0,0,0,0,0,0,0,0,0,0,0,0,0,0,0,0,0,0,0,0,0,0,0,0,0,0,0,0,0,0,0,0,0,0,0,0,0,0,0,0,0,0,0,0,0,0,0,0,0,0,0,0,0,0,0,0,0,0,0,0,0,0,0,0,0,0,0,0,0,0,0,0,0,0,0,0,0,0,0,0,0
0,0,0,0,0,0,0,0,0,0,0,0,0,0,0,0,0,0,0,0,0,0,0,0,0,0,0,0,0,0,0,0,0,0,0,0,0,0,0,0,0,0,0,0,0,0,0,0,0,0,0,0,0,0,0,0,0,0,0,0,0,0,0,0,0,0,0,0,0,0,0,0,0,0,0,0,0,0,0,0,0,0,0,0,0,0,0,0,0,0,0,0,0,0,0,0,0,0,0,0
0,0,0,0,0,0,0,0,0,0,0,0,0,0,0,0,0,0,0,0,0,0,0,0,0,0,0,0,0,0,0,0,0,0,0,0,0,0,0,0,0,0,0,0,0,0,0,0,0,0,0,0,0,0,0,0,0,0,0,0,0,0,0,0,0,0,0,0,0,0,0,0,0,0,0,0,0,0,0,0,0,0,0,0,0,0,0,0,0,0,0,0,0,0,0,0,0,0,0,0
0,0,0,0,0,0,0,0,0,0,0,0,0,0,0,0,0,0,0,0,0,0,0,0,0,0,0,0,0,0,0,0,0,0,0,0,0,0,0,0,0,0,0,0,0,0,0,0,0,0,0,0,0,0,0,0,0,0,0,0,0,0,0,0,-0.00523344419309309,-0.0150164802488726,-0.0230666673689981,-0.0295462112358844,-0.0365508087705276,-0.042718197417914,-0.0469242828759086,-0.0515302957709542,-0.0570386362914882,-0.0637492201021015,-0.0686818207153081,-0.0741151666351896,-0.0792748249955679,-0.0850743487198403,-0.0917102569712218,-0.096799099151707,-0.0981675215367111,-0.0986006228233187,-0.0979865461764085,-0.0958821570528512,-0.0926331968008595,-0.0904457479500374,-0.0872118711900179,-0.0848821396153169,-0.0820981662317431,-0.0801164678597066,-0.078051412607663,-0.074900619257296,-0.0725714371582098,-0.0694002362890606,-0.0680494311264208,-0.0678789351733917,-0.0665537649758848,-0.0659848232308998,-0.0643365320475417,-0.0636404007244472
0,0,0,0,0,0,0,0,0,0,0,0,0,0,0,0,0,0,0,0,0,0,0,0,0,0,0,0,0,0,0,0,0,0,0,0,0,0,0,0,0,0,0,0,0,0,0,0,0,0,0,0,0,0,0,0,0,0,0,0,0,0,0,0,0,0,0,0,0,0,0,0,0,0,0,0,0,0,0,0,0,0,0,0,0,0,0,0,0,-0.000666891913545572,-0.0045515134394587,-0.00906802495426029,-0.0099159907910633,-0.00966660403945226,-0.00980820769675853,-0.0101748180495754,-0.0109109977179974,-0.0111993104950647,-0.0104250370867101,-0.0101037119538795
0,0,0,0,0,0,0,0,0,0,0,0,0,0,0,0,0,0,0,0,0,0,0,0,0,0,0,0,0,0,0,0,0,0,0,0,0,0,0,0,0,0,0,0,0,0,0,0,0,0,0,0,0,0,0,0,0,0,0,0,0,0,0,0,0,0,0,0,0,0,0,0,0,0,0,0,0,0,0,0,0,0,0,0,0,0,0,0,0,0,0.0011568011509552,0.00525782571926671,0.00935743651807455,0.0151407793162857,0.020629485187658,0.0237878671294644,0.0279660313338424,0.031000295512476,0.0357856996757085,0.0395071371068253
0,0,0,0,0,0,0,0,0,0,0,0,0,0,0,0,0,0,0,0,0,0,0,0,0,0,0,0,0,0,0,0,0,0,0,0,0,0,0,0,0,0,0,0,0,0,0,0,0,0,0,0,0,0,0,0,0,-0.00876612754727074,-0.018367109088364,-0.0276738063283383,-0.036930761376397,-0.0471335560357933,-0.0563907081305836,-0.0648935218014304,-0.0722295780086551,-0.0785096085586605,-0.0858736104132887,-0.0919175370707683,-0.0975869538767351,-0.104209741012633,-0.109449886022261,-0.115299475427723,-0.121363592139703,-0.127924085572051,-0.135458881394361,-0.14127751333071,-0.148163164524118,-0.153170038204013,-0.15692066624022,-0.160691853571383,-0.167630289860556,-0.174413284704928,-0.17905225777454,-0.182935960306698,-0.187395811298894,-0.191241281289409,-0.194058211584697,-0.196282159745491,-0.197473784960031,-0.198287858311789,-0.199571608681575,-0.199753182940773,-0.201704840424038,-0.203546043494509,-0.205848624657844,-0.208318895038202,-0.210636066284961,-0.212596826009815,-0.214528080120354,-0.216418100224297
0,0,0,0,0,0,0,0,0,0,0,0,0,0,0,0,0,0,0,0,0,0,0,0,0,0,0,0,0,0,0,0,0,0,0,0,0,0,0,0,0,0,0,0,0,0,0,0,0,0,0,0,0,0,0,0,0,0,0,0,0,0,0,0,0,0,0,0,0,0,0,0,0,0,0,0,0,0,0,0,0,0,0,0,0,0,0,0,0,0,0,0,0,0,0,0,0,0,0,0
0,0,0,0,0,0,0,0,0,0,0,0,0,0,0,0,0,0,0,0,0,0,0,0,0,0,0,0,0,0,0,0,0,0,0,0,0,0,0,0,0,0,0,0,0,0,0,0,0,0,0,0,0,0,0,0,0,0,0,0,0,0,0,0,0,0,0,0,0,0,0,0,0,0,0,0,0,0,0,0,0,0,0,0,0,0,0,0,0,0,0,0,0,0,0,0,0,0,0,0
0,0,0,0,0,0,0,0,0,0,0,0,0,0,0,0,0,0,0,0,0,0,0,0,0,0,0,0,0,0,0,0,0,0,0,0,0,0,0,0,0,0,0,0,0,0,0,0,0,0,-0.0116254378781288,-0.0252879584811628,-0.037480797931857,-0.0493167076378102,-0.0606092672285054,-0.0716050531690924,-0.0830351512159422,-0.0919107784153259,-0.100604935425867,-0.108680990777555,-0.116103440253817,-0.120900508543693,-0.124972294015594,-0.128160878603838,-0.130776657019546,-0.133571295840053,-0.135470929145612,-0.13738593373454,-0.13947987572338,-0.143252681348011,-0.147941681844033,-0.152566933189437,-0.156800151570556,-0.160760231635119,-0.164977098420781,-0.16885117672776,-0.17310200225745,-0.177304150618922,-0.179431027015088,-0.179079173348964,-0.178321201112548,-0.177724975107162,-0.176926647202063,-0.177364741773813,-0.176495509318145,-0.175974877852589,-0.17494641792097,-0.174341007020804,-0.173718147017141,-0.173335356383049,-0.173811095223672,-0.173627174054347,-0.17257614154444,-0.170700813303895,-0.169221340440899,-0.168118645866042,-0.166511872531781,-0.165315812421773,-0.163025907128458,-0.161679854128999
0,0,0,0,0,0,0,0,0,0,0,0,0,0,0,0,0,0,0,0,0,0,0,0,0,0,0,0,0,0,0,0,0,0,0,0,0,0,0,0,0,0,0,0,0,0,0,0,0,0,0,0,0,0,0,0,0,0,0,0,0,0,0,0,0,0,0,0,0,0,0,0,0,0,0,0,0,0,0,0,0,0,0,0,0,0,0,0,0,0,0,0,0,0,0,0,0,0,0,0
0,0,0,0,0,0,0,0,0,0,0,0,0,0,0,0,0,0,0,0,0,0,0,0,0,0,0,0,0,0,0,0,0,0,0,0,0,0,0,0,0,0,0,0,0,0,0,0,0,0,0,0,0,0,0,0,0,0,0,0,0,0,0,0,0,0,0,0,0,0,0,0,0,0,0,0,0,0,0,0,0,0,0,0,0,0,0,0,0,0,0,0,0,0,0,0,0,0,0,0
0,0,0,0,0,0,0,0,0,0,0,0,0,0,0,0,0,0,0,0,0,0,0,0,0,0,0,0,0,0,0,0,0,0,0,0,0,0,0,0,0,0,0,0,0,0,0,0,0,0,0,0,0,0,0,0,0,0,0,0,0,0,0,0,0,0,0,0,0,0,0,0,0,0,0,0,0,0,0,0,0,0,0,0,0,0,0,0,0,0,0,0,0,0,0,0,0,0,0,0
0,0,0,0,0,0,0,0,0,0,0,0,0,0,0,0,0,0,0,0,0,0,0,0,0,0,0,0,0,0,0,0,0,0,0,0,0,0,0,0,0,0,0,0,0,0,0,0,0,0,0,0,0,0,0,0,0,0,0,0,0,0,0,0,0,0,0,0,0,0,0,0,0,0,0,0,0,0,0,0,0,0,0,0,0,0,0,0,0,0,0,0,0,0,0,0,0,0,0,0
0,0,0,0,0,0,0,0,0,0,0,0,0,0,0,0,0,0,0,0,0,0,0,0,0,0,0,0,0,0,0,0,0,0,0,0,0,0,0,0,0,0,0,0,0,0,0,0,0,0,0,0,0,0,0,0,0,0,0,0,0,0,0,0,0,0,0,0,0,0,0,0,0,0,0,0,0,0.000846267086802199,0.00333781042383566,0.00640202046456372,0.00627375686376654,0.00611016504866818,0.00667672678510048,0.00663528818082295,0.00597715002106864,0.00542329487823397,0.0045726647933655,0.00410810286604841,0.00388329117270106,0.00410511036399744,0.00457986127938024,0.00450064051448977,0.00389398236101121,0.00275139825916385,0.00115047015584887,5.00155992768083e-06,0,0,0,0
0,0,0,0,0,0,0,0,0,0,0,0,0,0,0,0,0,0,0,0,0,0,0,0,0,0,0,0,0,0,0,0,0,0,0,0,0,0,0,0,0,0,0,0,0,0,0,0,0,0,0,0,0,0,0,0,0,0,0,0,0,0,0,0,0,0,0,0,0,0,0,0,0,0,0,0,0,0,0,0,0,0,0,0,0,0,0,0,0,0,0,0,0,0,0,0,0,0,0,0
0,0,0,0,0,0,0,0,0,0,0,0,0,0,0,0,0,0,0,0,0,0,0,0,0,0,0,0,0,0,0,0,0,0,0,0,0,0,0,0,0,0,0,0,0,0,0,0,0,0,0,0,0,0,0,0,0,0,0,0,0,0,0,0,0,0,0,0,0,0,0,0,0,0,0,0,0,0,0,0,0,0,0,0,0,0,0,0,0,0,0,0,0,0,0,0,0,0,0,0
0,0,0,0,0,0,0,0,0,0,0,0,0,0,0,0,0,0,0,0,0,0,0,0,0,0,0,0,0,0,0,0,0,0,0,0,0,0,0,0,0,0,0,0,0,0,0,0,0,0,0,0,0,0,0,0,0,0,0,0,0,0,0,0,0,0,0,0,0,0,0,0,0,0,0,0,0.00360450053119212,0.0127459715474121,0.0227175469930733,0.0322270713218248,0.0423716665863182,0.0518842399773912,0.0588335854991189,0.0660676337066336,0.071608960950788,0.0770503817236165,0.0808291312123601,0.0840903103702395,0.0870182605525024,0.0897470733761367,0.0911202123979617,0.0908803305999424,0.0906893708440318,0.089782613983154,0.0886113214380157,0.0882262443466148,0.0865316573314082,0.0855846279248181,0.0840256504252221,0.0830713656488192
0,0,0,0,0,0,0,0,0,0,0,0,0,0,0,0,0,0,0,0,0,0,0,0,0,0,0,0,0,0,0,0,0,0,0,0,0,0,0,0,0,0,0,0,0,0,0,0,0,0,0,0,0,0,0,0,0,0,0,0,0,0,0,0,0,0,0,0,0,0,0,0,0,0,0,0,0,0,0,0,0,0,0,0,0,0,0,0,0,0,0,0,0,0,0,0,0,0,0,0
0,0,0,0,0,0,0,0,0,0,0,0,0,0,0,0,0,0,0,0,0,0,0,0,0,0,0,0,0,0,0,0,0,0,0,0,0,0,0,0,0,0,0,0,0,0,0,0,0,0,0,0,0,0,0,0,0,0,0,0,0,0,0,0,0,0,0,0,0,0,0,0,0,0,0,0,0,0,0,0,0,0,0,0,0,0,0,0,0,0,0,0,0,0,0,0,0,0,0,0
0,0,0,0,0,0,0,0,0,0,0,0,0,0,0,0,0,0,0,0,0,0,0,0,0,0,0,0,0,0,0,0,0,0,0,0,0,0,0,0,0,0,0,0,0,0,0,0,0,0,0,0,0,0,0,0,0,0,0,0,0,0,0,0,0,0,0,0,0,0,0,0,-0.00137123020689495,-0.00896372838087104,-0.0171501765949235,-0.02435263505392,-0.0324914001976138,-0.0393596349931295,-0.0440950142532464,-0.0483005744676288,-0.0522686120028044,-0.055155831698342,-0.052891254322957,-0.0514990095604776,-0.0510342664885066,-0.0502350714547407,-0.0496494962025711,-0.048786339759161,-0.0454446116243458,-0.042684250346202,-0.0413762883521556,-0.0403065321221594,-0.0405901488333765,-0.0400857881024302,-0.0393650997258195,-0.0400939984949278,-0.0398922079302006,-0.0404154506382176,-0.0405374830463368,-0.0406943164056121
0,0,0,0,0,0,0,0,0,0,0,0,0,0,0,0,0,0,0,0,0,0,0,0,0,0,0,0,0,0,0,0,0,0,0,0,0,0,0,0,0,0,0,0,0,0,0,0,0,0,0,0,0,0,0,0,0,0,0,0,0,0,0,0,0,0,0,0,0,0,0,0,0,0,0,0,0,0,0,0,0,0,0,0,0,0,0,0,0,0,0,0,0,0,0,0,0,0,0,0
0,0,0,0,0,0,0,0,0,0,0,0,0,0,0,0,0,0,0,0,0,0,0,0,0,0,0,0,0,0,0,0,0,0,0,0,0,0,0,0,0,0,0,0,0,0,0,0,0,0,0,0,0,0,0,0,0,0,0,0,0,0,0,0,0,0,0,0,0,0,0,0,0,0,0,0,0,0,0,0,0,0,0,0,0,0,0,0,0,0,0,0,0,0,0,0,0,0,0,0
0,0,0,0,0,0,0,0,0,0,0,0,0,0,0,0,0,0,0,0,0,0,0,0,0,0,0,0,0,0,0,0,0,0,0,0,0,0,0,0,0,0,0,0,0,0,0,0,0,0,0,0,0,0,0,0,0,0,0,0,0,0,0,0,0,0,0,0,0,0,0,0,0,0,0,0,0,0,0,0,0,0,0,0,0,0,0,0,0,0,0,0,0,0,0,0,0,0,0,0
0,0,0,0,0,0,0,0,0,0,0,0,0,0,0,0,0,0,0,0,0,0,0,0,0,0,0,0,0,0,0,0,0,0,0,0,0,0,0,0,0,0,0,0,0,0,0,0,0,0,0,0,0,0,0,0,0,0,0,0,0,0,0,0,0,0,0,0,0,0,0,0,0,0,0,0,0,0,0,0,0,-0.00427278786677429,-0.01137425849365,-0.0184563540548203,-0.0242218541284597,-0.0296517603466677,-0.0360070520386339,-0.0418434081205397,-0.0474598382842557,-0.0519708464854634,-0.0558149787497416,-0.0599339397669726,-0.0622225748823243,-0.06484661884601,-0.0677970291171573,-0.0700424547633023,-0.0731956810045992,-0.0750184189740821,-0.0764113452886656,-0.0776542328773105
0,0,0,0,0,0,0,0,0,0,0,0,0,0,0,0,0,0,0,0,0,0,0,0,0,0,0,0,0,0,0,0,0,0,0,0,0,0,0,0,0,0,0,0,0,0,0,0,0,0,0,0,0,0,0,0,0,0,0,0,0,0,0,0,0,0,0,0,0,0,0,0,0,0,0,0,0,0,0,0,0,0,0,0,0,0,0,0,0,0,0,0,0,0,0,0,0,0,0,0
0,0,0,0,0,0,0,0,0,0,0,0,0,0,0,0,0,0,0,0,0,0,0,0,0,0,0,0,0,0,0,0,0,0,0,0,0,0,0,0,0,0,0,0,0,0,0,0,0,0,0,0,0,0,0,0,0,0,0,0,0,0,0,0,0,0,0,0,0,0,0,0,0,0,0,0,0,0,0,0,0,0,0,0,0,0,0,0,0,0,0,0,0,0,0,0,0,0,0,-9.30377426714141e-05
0,0,0,0,0,0,0,0,0,0,0,0,0,0,0,0,0,0,0,0,0,0,0,0,0,0,0,0,0,0,0,0,0,0,0,0,0,0,0,0,0,0,0,0,0,0,0,0,0,0,0,0,0,0,0,0,0,0,0,0,0,0,0,0,0,0,0,0,0,0,0,0,0,0,0,0,0,0,0,0,0,0,0,0,0,0,0,0,0,0,-0.000671592444560969,-0.00431237891867148,-0.00649194179657212,-0.00822617927184728,-0.00921641157248232,-0.0107601293866693,-0.0115104944357407,-0.0126093154219126,-0.0128410471107402,-0.013126473862284
0,0,0,0,0,0,0,0,0,0,0,0,0,0,0,0,0,0,0,0,0,0,0,0,0,0,0,0,0,0,0,0,0,0,0,0,0,0,0,0,0,0,0,0,0,0,0,0,0,0,0,0,0,0,0,0,0,0,0,0,0,0,0,0,0,0,0,0,0,0,0,0,0,0,0,0,0,0,0,0,0,0,0,-0.00113915665090512,-0.00679611930438494,-0.0117090447941668,-0.0173487548606804,-0.0227908050957625,-0.0288889241153997,-0.0342719539140688,-0.0385850466260817,-0.0449068545262083,-0.0489960351901066,-0.0543550510712788,-0.0604491698875859,-0.0641870985058954,-0.069482044666961,-0.0730750568600985,-0.0770962325426127,-0.0802385604895617
0,0,0,0,0,0,0,0,0,0,0,0,0,0,0,0,0,0,0,0,0,0,0,0,0,0,0,0,0,0,0,0,0,0,0,0,0,0,0,0,0,0,0,0,0,0,0,0,0,0,0,0,0,0,0,0,0,0,0,0,0,0,0,0,0,0,0,0,0,0,0,0,0,0,0,0,0,0,0,0,0,0,0,0,0,0,0,0,0,0,0,0,0,0,0,0,0,0,0,0
0,0,0,0,0,0,0,0,0,0,0,0,0,0,0,0,0,0,0,0,0,0,0,0,0,0,0,0,0,0,0,0,0,0,0,0,0,0,0,0,0,0,0,0,0,0,0,0,0,0,0,0,0,0,0,0,0,0,0,0,0,0,0,0,0,0,0,0,0,0,0,0,0,0,0,0,0,0,0,0,0,0,0,0,0,0,0,0,0,0,0,0,0,0,0,0,0,0,0,0
0,0,0,0,0,0,0,0,0,0,0,0,0,0,0,0,0,0,0,0,0,0,0,0,0,0,0,0,0,0,0,0,0,0,0,0,0,0,0,0,0,0,0,0,0,0,0,0,0,0,0,0,0,0,0,0,0,0,0,0,0,0,0,0,0,0,0,0,0,0,0,0,0,0,0,0,0,0,-0.00542768853105356,-0.0150002467885265,-0.0240127409179233,-0.0321703824917779,-0.0408243978879029,-0.0491692595201674,-0.0565962112554089,-0.0637156946996557,-0.0702268955821493,-0.0768785370950004,-0.084470642354096,-0.09129922221463,-0.0984852323422406,-0.105405875031117,-0.112118903164582,-0.119048585923874,-0.125040777941462,-0.129848259688928,-0.135230153746779,-0.139982725623057,-0.145587162779832,-0.150146976619735
0,0,0,0,0,0,0,0,0,0,0,0,0,0,0,0,0,0,0,0,0,0,0,0,0,0,0,0,0,0,0,0,0,0,0,0,0,0,0,0,0,0,0,0,0,0,0,0,0,0,0,0,0,0,0,0,0,0,0,0,0,0,0,0,0,0,0,0,0,0,0,0,0,0,0,0,0,0,0,0,0,0,0,0,0,0,0,0,0,0,0,0,0,0,0,0,0,0,0,0
0,0,0,0,0,0,0,0,0,0,0,0,0,0,0,0,0,0,0,0,0,0,0,0,0,0,0,0,0,0,0,0,0,0,0,0,0,0,0,0,0,0,0,0,0,0,0,0,0,0,0,0,0,0,0,0,0,0,0,0,0,0,0,0,0,0,0,0,0,0,0,0,0,0,0,0,0,0,0,0,0,0,0,0,0,0,0,0,0,0,0,0,0,0,0,0,0,0,0,0
0,0,0,0,0,0,0,0,0,0,0,0,0,0,0,0,0,0,0,0,0,0,0,0,0,0,0,0,0,0,0,0,0,0,0,0,0,0,0,0,0,0,0,0,0,0,0,0,0,0,0,0,0,0,0,0,0,0,0,0,0,0,0,0,0,0,0,0,0,0,0,0,0,0,0,0,0,0,0,0,0,0,0,0,0,0,0,0,0,0,0,0,0,0,0,0,0,0,0,0
0,0,0,0,0,0,0,0,0,0,0,0,0,0,0,0,0,0,0,0,0,0,0,0,0,0,0,0,0,0,0,0,0,0,0,0,0,0,0,0,0,0,0,0,0,0,0,0,0,0,0,0,0,0,0,0,0,0,0,0,0,0,0,0,0,0,0,0,0,0,0,0,0,0,0,0,0,0,0,0,0,0,0,0,0,0,0,0,0,0,0,0,0,0,0,0,0,0,0,0
0,0,0,0,0,0,0,0,0,0,0,0,0,0,0,0,0,0,0,0,0,0,0,0,0,0,0,0,0,0,0,0,0,0,0,0,0,0,0,0,0,0,0,0,0,0,0,0,0,0,0,0,0,0,0,0,0,0,0,0,0,0,0,0,0,0,0,0,0,0,0,0,0,0,0,0,0,0,0,0,0,0,0,0,0,0,0,0,0,0,0,0,0,0,0,0,0,0,0,0
0,0,0,0,0,0,0,0,0,0,0,0,0,0,0,0,0,0,0,0,0,0,0,0,0,0,0,0,0,0,0,0,0,0,0,0,0,0,0,0,0,0,0,0,0,0,0,0,0,0,0,0,0,0,0,0,0,0,0,0,0,0,0,0,0,0,0,0,0,0,0,0,-0.00447272742966529,-0.0100422410937109,-0.0140991633723199,-0.0184873092920777,-0.0222015600003647,-0.0256091097118566,-0.0285328283855746,-0.0318729629680721,-0.0353736234136456,-0.0384841766516664,-0.0405851424569244,-0.0439577731874713,-0.048249327244921,-0.0518282539159423,-0.0557396042317799,-0.058744255730572,-0.0616307834628423,-0.0640638013830339,-0.0656046419017423,-0.0678599485790326,-0.070221745195553,-0.0731075728539169,-0.0758204188745672,-0.0779456304366121,-0.080871734273866,-0.0830752555588913,-0.0860041373955482,-0.0885004220767223
0,0,0,0,0,0,0,0,0,0,0,0,0,0,0,0,0,0,0,0,0,0,0,0,0,0,0,0,0,0,0,0,0,0,0,0,0,0,0,0,0,0,0,0,0,0,0,0,0,0,0,0,0,0,0,0,0,0,0,0,0,0,0,0,0,0,0,0,0,0,0,0,0,0,0,0,0,0,0,0,0,0,0,0,0,0,0,0,0,0,0,0,0,0,0,0,0,0,0,0
0,0,0,0,0,0,0,0,0,0,0,0,0,0,0,0,0,0,0,0,0,0,0,0,0,0,0,0,0,0,0,0,0,0,0,0,0,0,0,0,0,0,0,0,0,0,0,0,0,0,0,0,0,0,0,0,0,0,0,0,0,0,0,0,0,0,0,0,0,0,0,0,0,0,0,0,0.00128678480069977,0.0105108112919262,0.0202783168011612,0.0290918327697246,0.0399805978983219,0.0511991010318865,0.0605467504327947,0.0693455062817729,0.0770975744310954,0.0840991898590999,0.0915393565215882,0.0973789799026042,0.102909583379479,0.108008761687273,0.112641083560379,0.118605118899684,0.123056216550121,0.127365545101198,0.132080786186339,0.134837318211184,0.1379646311892,0.140439207229702,0.142054269540193,0.143631558038485
0,0,0,0,0,0,0,0,0,0,0,0,0,0,0,0,0,0,0,0,0,0,0,0,0,0,0,0,0,0,0,0,0,0,0,0,0,0,0,0,0,0,0,0,0,0,0,0,0,0,0,0,0,0,0,0,0,0,0,0,0,0,0,0,0,0,0,0,0,0,0,0,0,0,0,0,0,0,0,0,0,0,0,0,0,0,0,0,0,0,0,0,0,0,0,0,0,0,0,0
0,0,0,0,0,0,0,0,0,0,0,0,0,0,0,0,0,0,0,0,0,0,0,0,0,0,0,0,0,0,0,0,0,0,0,0,0,0,0,0,0,0,0,0,0,0,0,0,0,0,0,0,0,0,0,0,0,0,0,0,0,0,0,0,0,0,0,0,0,0,0,0,0,0,0,0,0,0,0,0,0,0,0,0,0,0,0,0,0,0,0,0,0,0,0,0,0,0,0,0
0,0,0,0,0,0,0,0,0,0,0,0,0,0,0,0,0,0,0,0,0,0,0,0,0,0,0,0,0,0,0,0,0,0,0,0,0,0,0,0,0,0,0,0,0,0,0,0,0,0,0,0,0,0,0,0,0,0,0,0,0,0,0,0,0,0,0,0,0,0,0,0,0,0,0,0,0,0,0,0,0,0,0,0,0,0,0,0,0,0,0,0,0,0,0,0,0,0,0,0
0,0,0,0,0,0,0,0,0,0,0,0,0,0,0,0,0,0,0,0,0,0,0,0,0,0,0,0,0,0,0,0,0,0,0,0,0,0,0,0,0,0,0,0,0,0,0,0,0,0,0,-0.000594671963342769,-0.00784709156909603,-0.0149274491204826,-0.0216832166031967,-0.0282643737256158,-0.0350815994398305,-0.0401647864126373,-0.0450240299048553,-0.0495441302362212,-0.0531731783465593,-0.0557292794147275,-0.0578046122482044,-0.0594158196196311,-0.0581075480106074,-0.0580175396480934,-0.0572244516799429,-0.0585072989184726,-0.0604292108194671,-0.06130661171825,-0.0650573351306657,-0.0675904478772021,-0.0687300604496716,-0.0713836756216941,-0.0729341725009543,-0.0757590730898332,-0.0784520618582483,-0.081531906543488,-0.0833184961695307,-0.0831758731535396,-0.079779665624212,-0.0757638631722746,-0.0726722152875888,-0.0691111299437216,-0.0655325848021512,-0.0622159910349473,-0.0588989494062194,-0.0561881337880402,-0.0533095825945671,-0.0511323137132751,-0.0484204024586596,-0.0467697129833013,-0.0457197290265767,-0.0447480582411601,-0.0447017634055875,-0.0442119329028835,-0.0433341129350636,-0.0425049600846658,-0.0409848687364915,-0.0400170033883065
0,0,0,0,0,0,0,0,0,0,0,0,0,0,0,0,0,0,0,0,0,0,0,0,0,0,0,0,0,0,0,0,0,0,0,0,0,0,0,0,0,0,0,0,0,0,0,0,0,0,0,0,0,0,0,0,0,0,0,0,0,0,0,0,0,0,0,0,0,0,0,0,0,0,0,0,0,0,0,0,0,0,0,0,0,0,0,0,0,0,0,0,0,0,0,0,0,0,0,0
0,0,0,0,0,0,0,0,0,0,0,0,0,0,0,0,0,0,0,0,0,0,0,0,0,0,0,0,0,0,0,0,0,0,0,0,0,0,0,0,0,0,0,0,0,0,0,0,0,0,0,0,0,0,0,0,0,0,0,0,0,0,0,0,0,0,0,0,0,0,0,0,0,0,0,0,0,0,0,0,0,0,0,0,0,0,0,0,0,0,0,0,0,0,0,0,0,0,0,0
0,0,0,0,0,0,0,0,0,0,0,0,0,0,0,0,0,0,0,0,0,0,0,0,0,0,0,0,0,0,0,0,0,0,0,0,0,0,0,0,0,0,0,0,0,0,0,0,0,0,0,0,0,0,0,0,0,0,0,0,0,0,0,0,0,0,0,0,0,0,0,0,0,0,0,0,0,0,0,0,0,0,0,0,0,0,0,0,0,0,0,0,0,0,0,0,0,0,0,0
0,0,0,0,0,0,0,0,0,0,0,0,0,0,0,0,0,0,0,0,0,0,0,0,0,0,0,0,0,0,0,0,0,0,0,0,0,0,0,0,0,0,0,0,0,0,0,0,0,0,0,0,0,0,0,0,0,0,0,0,0,0,0,0,0,0,0,0,0,0,0,0,0,0,0,0,0,0,0,0,0,0,0,0,0,0,0,0,0,0,0,0,0,0,0,0,0,0,0,0
0,0,0,0,0,0,0,0,0,0,0,0,0,0,0,0,0,0,0,0,0,0,0,0,0,0,0,0,0,0,0,0,0,0,0,0,0,0,0,0,0,0,0,0,0,0,0,0,0,0,0,0,0,0,0,0,0,0,0,0,0,0,0,0,0,0,0,0,0,0,0,0,0,0,0,0,0,0,0,0,0,0,0,0,0,0,0,0,0,0,0,0,0,0,0,0,0,0,0,0
0,0,0,0,0,0,0,0,0,0,0,0,0,0,0,0,0,0,0,0,0,0,0,0,0,0,0,0,0,0,0,0,0,0,0,0,0,0,0,0,0,0,0,0,0,0,0,0,0,0,0,0,0,0,0,0,0,0,0,0,0,0,0,0,0,0,0,0,0,0,0,0,0,0,0,0,0,0,0,0,0,0,0,0,0,0,0,0,0,0,0,0,0,0,0,0,0,0,0,0
0,0,0,0,0,0,0,0,0,0,0,0,0,0,0,0,0,0,0,0,0,0,0,0,0,0,0,0,0,0,0,0,0,0,0,0,0,0,0,0,0,0,0,0,0,0,0,0,0,0,0,0,0,0,0,0,0,0,0,0,0,0,0,0,0,0,0,0,0,0,0,0,0,0,0,0,0,0,0,0,0,0,0,0,0,0.000950428200367877,0.00440308003807949,0.00655756047957614,0.00822899640214579,0.0100071289122851,0.0122688927022446,0.0150044421315398,0.01813895826965,0.0217300406108757,0.0247609886923044,0.0273954642281146,0.0304747863688613,0.0331188657241219,0.0360923862423283,0.0383387056107557
0,0,0,0,0,0,0,0,0,0,0,0,0,0,0,0,0,0,0,0,0,0,0,0,0,0,0,0,0,0,0,0,0,0,0,0,0,0,0,0,0,0,0,0,0,0,0,0,0,0,0,0,0,0,0,0,0,0,0,0,0,0,0,0,0,0,0,0,0,0,0,0,0,0,0,0,0,0,0,0,0,0,0,0,0,0,0,0,0,0,0,0,0,0,0,0,0,0,0,0
0,0,0,0,0,0,0,0,0,0,0,0,0,0,0,0,0,0,0,0,0,0,0,0,0,0,0,0,0,0,0,0,0,0,0,0,0,0,0,0,0,0,0,0,0,0,0,0,0,0,0,0,0,0,0,0,0,0,0,0,0,0,0,-0.00342680692855151,-0.0110328695085785,-0.017143633278912,-0.0222162075098716,-0.0276785202226707,-0.0336055290888948,-0.0402544314150425,-0.0461287906157056,-0.0522188098968903,-0.0580101518611596,-0.0625093234981688,-0.0671805494248644,-0.0709526552107441,-0.0747378743578823,-0.0787897790843532,-0.0838972567298783,-0.0889398168161168,-0.0926076611158213,-0.0970215868546649,-0.100456755517301,-0.104397634613874,-0.108515646937802,-0.112592577517156,-0.117104369889351,-0.121392715541118,-0.126195156982046,-0.13016813234586,-0.134080486406853,-0.138396583773219,-0.143165380166687,-0.14839543333167,-0.153695842604396,-0.157852769438178,-0.163473947244982,-0.16760905879084,-0.17226237587815,-0.175950922091078
0,0,0,0,0,0,0,0,0,0,0,0,0,0,0,0,0,0,0,0,0,0,0,0,0,0,0,0,0,0,0,0,0,0,0,0,0,0,0,0,0,0,0,0,0,0,0,0,0,0,0,0,0,0,0,0,0,0,0,0,0,0,0,0,0,0,0,0,0,0,0,0,0,0,0,0,0,0,0,0,0,0,0,0,0,0,0,0,0,0,0,0,0,0,0,0,0,0,0,0
0,0,0,0,0,0,0,0,0,0,0,0,0,0,0,0,0,0,0,0,0,0,0,0,0,0,0,0,0,0,0,0,0,0,0,0,0,0,0,0,0,0,0,0,0,0,0,0,0,0,0,0,0,0,0,0,0,0,0,0,0,0,0,0,0,0,0,0,0,0,0,0,0,0,0,0,0,0,0,0,0,0,0,0,0,0,0,0,0,0,0,0,0,0,0,0,0,0,0,0
0,0,0,0,0,0,0,0,0,0,0,0,0,0,0,0,0,0,0,0,0,0,0,0,0,0,0,0,0,0,0,0,0,0,0,0,0,0,0,0,0,0,0,0,0,0,0,0,0,0,0,0,0,0,0,0,0,0,0,0,0,0,0,0,0,0,0,0,0,0,0,0,0,0,0,0,0,0,0,0,0,0,0,0,0,0,0,0,0,0,0,0,0,0,0,0,0,0,0,0
0,0,0,0,0,0,0,0,0,0,0,0,0,0,0,0,0,0,0,0,0,0,0,0,0,0,0,0,0,0,0,0,0,0,0,0,0,0,0,0,0,0,0,0,0,0,0,0,0,0,0,0,0,0,0,0,0,0,0,0,0,0,0,0,0,0,0,0,0,0,0,0,0,0,0,0,0,0,0,0,0,0,0,0,0,0.000656234612017828,0.00380300675768774,0.00560583026825689,0.00721591791813944,0.00815246443057836,0.0076619274432088,0.00775022747519091,0.00707551340350374,0.00673109861190909,0.00689544934983149,0.00673168522895504,0.00650710657234705,0.00580041475096004,0.00445560703754264,0.00313278208308039
0,0,0,0,0,0,0,0,0,0,0,0,0,0,0,0,0,0,0,0,0,0,0,0,0,0,0,0,0,0,0,0,0,0,0,0,0,0,0,0,0,0,0,0,0,0,0,0,0,0,0,0,0,0,0,0,0,0,0,0,0,0,0,0,0,0,0,0,0,0,0,0,0,0,0,0,0,0,0,0,0,0,0,0,0,0,0,0,0,0,0,0,0,0,0,0,0,0,0,0
0,0,0,0,0,0,0,0,0,0,0,0,0,0,0,0,0,0,0,0,0,0,0,0,0,0,0,0,0,0,0,0,0,0,0,0,0,0,0,0,0,0,0,0,0,0,0,0,0,0,0,0,0,0,0,0,0,0,0,0,0,0,0,0,0,0,0,0,0,0,0,0,0,0,0,0,0,0,0,0,0,0,0,0,0,0,0,0,0,0,0,0,0,0,0,0,0,0,0,0
0,0,0,0,0,0,0,0,0,0,0,0,0,0,0,0,0,0,0,0,0,0,0,0,0,0,0,0,0,0,0,0,0,0,0,0,0,0,0,0,0,0,0,0,0,0,0,0,0,0,0,0,0,0,0,0,0,0,0,0,0,0,0,0,0,0,0,0,0,0,0,0,0,0,0,0,0,0,0,0,0,0,0,0,0,0,0,0,0,0,0,0,0,0,0,0,0,0,0,0
0,0,0,0,0,0,0,0,0,0,0,0,0,0,0,0,0,0,0,0,0,0,0,0,0,0,0,0,0,0,0,0,0,0,0,0,0,0,0,0,0,0,0,0,0,0,0,0,0,0,0,0,0,0,0,0,0,0,0,0,0,0,0,0,0,0,0,0,0,0,0,0,0,0,0,0,0,0,0,0,0,0,-0.0017021635322266,-0.00255028575099518,-0.00415719824527061,-0.00579093483299204,-0.00641425203807111,-0.00730928795181406,-0.00970017450791035,-0.0121078013300263,-0.0150108026619587,-0.018801045649079,-0.0210240197866914,-0.0234244232568712,-0.0249640997942976,-0.0255595131807566,-0.0269193678814366,-0.0277219897657768,-0.0286388054378262,-0.0295278904328284
0,0,0,0,0,0,0,0,0,0,0,0,0,0,0,0,0,0,0,0,0,0,0,0,0,0,0,0,0,0,0,0,0,0,0,0,0,0,0,0,0,0,0,0,0,0,0,0,0,0,0,0,0,0,0,0,0,0,0,0,0,0,0,0,0,0,0,0,0,0,0,0,0,0,0,0,0,0,0,0,0,0,0,0,0,0,0,0,0,0,0,0,0,0,0,0,0,0,0,0
0,0,0,0,0,0,0,0,0,0,0,0,0,0,0,0,0,0,0,0,0,0,0,0,0,0,0,0,0,0,0,0,0,0,0,0,0,0,0,0,0,0,0,0,0,0,0,0,0,0,0,0,0,0,0,0,0,0,0,0,0,0,0,0,0,0,0,0,0,0,0,0,0,0,0,0,0,0,0,-0.00128035893429152,-0.0100854198885477,-0.018110213100256,-0.0263251763424961,-0.0340005144255599,-0.0421724633121069,-0.050643183779446,-0.0587017489929108,-0.0664124375733629,-0.0740121129469314,-0.080777786054193,-0.086023691597699,-0.0922067861731615,-0.0970304760672547,-0.102596048101283,-0.108129674222616,-0.111993595169152,-0.116395819746377,-0.119652221211097,-0.123096514644826,-0.126363949656603
0,0,0,0,0,0,0,0,0,0,0,0,0,0,0,0,0,0,0,0,0,0,0,0,0,0,0,0,0,0,0,0,0,0,0,0,0,0,0,0,0,0,0,0,0,0,0,0,0,0,0,0,0,0,0,0,0,0,0,0,0,0,0,0,0,0,0,0,0,0,0,0,0,0,0,0,0,0,0,0,0,0,0,0,0,0,0,0,0,0,0,0,0,0,0,0,0,0,0,0
0,0,0,0,0,0,0,0,0,0,0,0,0,0,0,0,0,0,0,0,0,0,0,0,0,0,0,0,0,0,0,0,0,0,0,0,0,0,0,0,0,0,0,0,0,0,0,0,0,0,0,0,0,0,0,0,0,0,0,0,0,0,0,0,0,0,0,0,0,0,0,0,0,0,0,0,0,0,0,0,0,0,0,0,0,6.78047268999406e-05,0.00264164580401089,0.00421505470859671,0.00544383129016913,0.00680721364639953,0.00847945944075805,0.00994549327978562,0.0120380300996841,0.0145818884770881,0.0153980533861202,0.0163675365745233,0.0178308264390657,0.0194758454970108,0.022019608063647,0.0236555430749419
0,0,0,0,0,0,0,0,0,0,0,0,0,0,0,0,0,0,0,0,0,0,0,0,0,0,0,0,0,0,0,0,0,0,0,0,0,0,0,0,0,0,0,0,0,0,0,0,0,0,0,0,0,0,0,0,0,0,0,0,0,0,0,0,0,0,0,0,0,0,0,0,0,0,0,0,0,0,0,0,0,0,0,0,0,0,0,0,0,0,0,0,0,0,0,0,0,0,0,0
0,0,0,0,0,0,0,0,0,0,0,0,0,0,0,0,0,0,0,0,0,0,0,0,0,0,0,0,0,0,0,0,0,0,0,0,0,0,0,0,0,0,0,0,0,0,0,0,0,0,0,0,0,0,0,0,0,0,0,0,0,0,0,0,0,-0.00113452682936472,-0.00567626022482485,-0.0116153149832785,-0.0171041776693048,-0.0211962648287515,-0.024703576662846,-0.0275818299741544,-0.029102611355739,-0.0295804777251559,-0.0311597876525705,-0.0334779806855283,-0.03644032784714,-0.0399428919976001,-0.0433865657864579,-0.0482654757112723,-0.052722699097172,-0.056647556275678,-0.0626578307422113,-0.0687814765967476,-0.0737167932639658,-0.0779890673197839,-0.079830346725297,-0.0821877878302418,-0.0851035050510301,-0.0877045751337426,-0.0900093552757442,-0.0899591003777053,-0.0881594251229149,-0.0845084074973748,-0.0796274614714778,-0.0776118598346758,-0.0731285643227184,-0.0704773639578839,-0.0667820797172235,-0.0641295849625865
0,0,0,0,0,0,0,0,0,0,0,0,0,0,0,0,0,0,0,0,0,0,0,0,0,0,0,0,0,0,0,0,0,0,0,0,0,0,0,0,0,0,0,0,0,0,0,0,0,0,0,0,0,0,0,0,0,0,0,0,0,0,0,0,0,0,0,0,0,0,0,0,0,0,0,0,0,0,0,0,0,0,0,0,0,0,0,0,0,0,0,0,0,0,0,0,0,0,0,0
0,0,0,0,0,0,0,0,0,0,0,0,0,0,0,0,0,0,0,0,0,0,0,0,0,0,0,0,0,0,0,0,0,0,0,0,0,0,0,0,0,0,0,0,0,0,0,0,0,0,0,0,0,0,0,0,0,0,0,0,0,0,0,0,0,0,0,0,0,0,0,0,0,0,0,0,0,0,0,0,0,0,0,0,0,0,0,0,0,0,0,0,0,0,0,0,0,0,0,0
0,0,0,0,0,0,0,0,0,0,0,0,0,0,0,0,0,0,0,0,0,0,0,0,0,0,0,0,0,0,0,0,0,0,0,0,0,0,0,0,0,0,0,0,0,0,0,0,0,0,0,0,0,0,0,0,0,0,0,0,0,0,0,0,0,0,0,0,0,0,0,0,0,0,0,0,0,0,0,0,0,0,0,0,0,0,0,0,0,0,0,0,0,0,0,0,0,0,0,0
0,0,0,0,0,0,0,0,0,0,0,0,0,0,0,0,0,0,0,0,0,0,0,0,0,0,0,0,0,0,0,0,0,0,0,0,0,0,0,0,0,0,0,0,0,0,0,0,0,0,0,0,0,0,0,0,0,0,0,0,-0.00470347969866949,-0.0146807739192359,-0.0241405860665972,-0.0317691794392358,-0.0403298547049804,-0.0472365453907329,-0.0541284223974114,-0.0599389865756484,-0.066326452244119,-0.0726356730039753,-0.0791630722929783,-0.0863134404687407,-0.0930680718461764,-0.0985681976301724,-0.105734721572294,-0.110351679598306,-0.116258624826096,-0.123337904679546,-0.130053576565783,-0.135914229648498,-0.143493547743923,-0.150859352789158,-0.157523860166729,-0.1640640972702,-0.170587934063359,-0.176767097140083,-0.182655606876557,-0.187517525227625,-0.19190416672114,-0.195312571061199,-0.19873431130799,-0.20254838771339,-0.2059256186728,-0.209331564369923,-0.21217393546517,-0.214673779424791,-0.218276714747143,-0.221187498358259,-0.224832133657558,-0.227769917433634
0,0,0,0,0,0,0,0,0,0,0,0,0,0,0,0,0,0,0,0,0,0,0,0,0,0,0,0,0,0,0,0,0,0,0,0,0,0,0,0,0,0,0,0,0,0,0,0,0,0,0,0,0,0,0,0,0,0,0,0,0,0,0,0,0,0,0,0,0.00140424846635759,0.00608952263217136,0.00807235394339074,0.0099528381985541,0.0121468799864013,0.0124523524357341,0.0119569395642048,0.0117654388481747,0.0111667042671272,0.0114429178903438,0.0119809096152527,0.0131999524718626,0.0153766203496024,0.0177492427203592,0.0205958178395778,0.0239375479475265,0.0273120988341324,0.0301947191928271,0.0325959007317899,0.0349557043065217,0.0377978864962974,0.0402607072038597,0.0424133331697831,0.0438454663349748,0.044595206626304,0.0452450179154113,0.0462083075928633,0.0463520567279688,0.0459876739697305,0.0459216654050436,0.0458410538614219,0.0461363319238946
0,0,0,0,0,0,0,0,0,0,0,0,0,0,0,0,0,0,0,0,0,0,0,0,0,0,0,0,0,0,0,0,0,0,0,0,0,0,0,0,0,0,0,0,0,0,0,0,0,0,0,0,0,0,0,0,0,0,0,0,0,0,0,0,0,0,0,0,0,0,0,0,0,0,0,0,0,0,0,0,0,0,0,0,0,0,0,0,0,0,0,0,0,0,0,0,0,0,0,0
0,0,0,0,0,0,0,0,0,0,0,0,0,0,0,0,0,0,0,0,0,0,0,0,0,0,0,0,0,0,0,0,0,0,0,0,0,0,0,0,0,0,0,0,0,0,0,0,0,0,0,0,0,0,0,0,0,0,0,0,0,0,0,0,0,0,0,0,0,0,0,0,0,0,0,0,0,0,0,0.00208158279882769,0.005164363399095,0.00915658952820849,0.0133181666509909,0.0169018368448083,0.0202604561286286,0.0230363643824868,0.026080715430369,0.0289202931118632,0.0315940833000064,0.0339808542759392,0.0359982706168869,0.0366731689094311,0.0372615799663558,0.037834892224142,0.0386110236150253,0.0395154659424883,0.0406205507951935,0.0415298881792736,0.0422874866719282,0.0432169305770477
0,0,0,0,0,0,0,0,0,0,0,0,0,0,0,0,0,0,0,0,0,0,0,0,0,0,0,0,0,0,0,0,0,0,0,0,0,0,0,0,0,0,0,0,0,0,0,0,0,0,0,0,0,0,0,0,0,0,0,0,0,0,0,0,0,0,0,0,0,0,0,0,0,0,0,0,0,0,0,0,0,0,0,0,0,0,0,0,0,0,0,0,0,0,0,0,0,0,0,0
0,0,0,0,0,0,0,0,0,0,0,0,0,0,0,0,0,0,0,0,0,0,0,0,0,0,0,0,0,0,0,0,0,0,0,0,0,0,0,0,0,0,0,0,0,0,0,0,0,0,0,0,0,0,0,0,0,0,0,0,0,0,0,0,0,0,0,0,0,0,0,0,0,0,0,0,0,0,0,0,0,0,0,0,0,0,0,0,0,0,0,0,0,0,0,0,0,0,0,0
0,0,0,0,0,0,0,0,0,0,0,0,0,0,0,0,0,0,0,0,0,0,0,0,0,0,0,0,0,0,0,0,0,0,0,0,0,0,0,0,0,0,0,0,0,0,0,0,0,0,0,0,0,0,0,0,0,0,0,0,0,0,0,0,0,0,0,0,0,0,0,0,0,0,0,0,0,0,0,0,0,0,0,0,0,0,0,0,0,0,0,0,0,0,0,0,0,0,0,0
0,0,0,0,0,0,0,0,0,0,0,0,0,0,0,0,0,0,0,0,0,0,0,0,0,0,0,0,0,0,0,0,0,0,0,0,0,0,0,0,0,0,0,0,0,0,0,0,0,0,0,0,0,0,0,0,0,0,0,0,0,0,0,0,0,0,0,0,0,0,0,0,0,0,0,0,-0.00126910542229256,-0.00596545890858457,-0.00989917000032417,-0.0129086246347151,-0.015845382378102,-0.017508571385916,-0.0184358570436274,-0.0204695351215069,-0.022118029435105,-0.0234157410801735,-0.024259582418606,-0.0242878419350571,-0.0234215444240976,-0.0226277502304745,-0.021132176740996,-0.0168849928546056,-0.0143448459676722,-0.0115196129968496,-0.00732178773778238,-0.00472997698971885,-0.000479991393753033,0,0,0
0,0,0,0,0,0,0,0,0,0,0,0,0,0,0,0,0,0,0,0,0,0,0,0,0,0,0,0,0,0,0,0,0,0,0,0,0,0,0,0,0,0,0,0,0,0,0,0,0,0,0,0,0,0,0,0,0,0,0,0,0,0,0,0,0,0,0,0,0,0.00439045333769886,0.0137309140490305,0.0223706818829883,0.0310919332843441,0.0397274660658837,0.0483018687619428,0.0561792206975921,0.0635663530979294,0.0692756758019841,0.0740841119490666,0.0778579070437784,0.0852089234350801,0.0921264090955803,0.0969865501490201,0.101567862890498,0.106581969277986,0.111368895573738,0.115642226801472,0.119991424080795,0.124079834391254,0.127802297370499,0.131271897792787,0.135807856377924,0.139516154324493,0.143395155303696,0.148094754357971,0.15151490237604,0.155471926037429,0.158565878898738,0.161079789773831,0.163595705676942
0,0,0,0,0,0,0,0,0,0,0,0,0,0,0,0,0,0,0,0,0,0,0,0,0,0,0,0,0,0,0,0,0,0,0,0,0,0,0,0,0,0,0,0,0,0,0,0,0,0,-0.00587499108394427,-0.0174562440725302,-0.0274389056111474,-0.0368916654740828,-0.0459132277037634,-0.0554623279938773,-0.0663416445944171,-0.0748068144054932,-0.0836513578995153,-0.0915905324205951,-0.0985352867290901,-0.107974097377175,-0.11666920434158,-0.123519157061604,-0.131737524266501,-0.1377968167346,-0.143735335435774,-0.149088831704732,-0.154737109139301,-0.161573066501577,-0.166628227214062,-0.172543917847412,-0.178166528251534,-0.181998038870647,-0.187351898028323,-0.191051378172844,-0.195556923778553,-0.200771095526594,-0.207769286895292,-0.213928520698633,-0.21852690266478,-0.222880044508162,-0.227689673174544,-0.231977017559089,-0.236919206747387,-0.241620390785483,-0.247451173295569,-0.252495333254189,-0.258129931452082,-0.26298299210574,-0.267406750034388,-0.274382390843175,-0.280643832330417,-0.287664939438152,-0.2935391151632,-0.297688692460256,-0.303422109167371,-0.307528483523774,-0.312702319115904,-0.316630325600447
0,0,0,0,0,0,0,0,0,0,0,0,0,0,0,0,0,0,0,0,0,0,0,0,0,0,0,0,0,0,0,0,0,0,0,0,0,0,0,0,0,0,0,0,0,0,0,0,0,0,0,0,0,0,0,0,0,0,0,0,0,0,0,0,0,0,0,0,0,0,0,0,0,0,0,0,0,0,0,0,0,0,0,0,0,0,0,0,0,0,0,0,0,0,0,0,0,0,0,0
0,0,0,0,0,0,0,0,0,0,0,0,0,0,0,0,0,0,0,0,0,0,0,0,0,0,0,0,0,0,0,0,0,0,0,0,0,0,0,0,0,0,0,0,0,0,0,0,0,0,0,0,0,0,0,0,0,0,0,0,0,0,0,0,0,0,0,0,0,0,0,0,0,0,0,0,0,0,0,0,0,0.00501363039226323,0.0161033201781306,0.0281189999424994,0.0396200669384661,0.0500973223751945,0.060359008514791,0.069787724623481,0.079502320252286,0.0882340096543192,0.0960533608235194,0.103615977277231,0.110510636752918,0.117714912051514,0.123197350620174,0.127930216204687,0.132875651556246,0.137379705730639,0.142156780524951,0.14635826252677
0,0,0,0,0,0,0,0,0,0,0,0,0,0,0,0,0,0,0,0,0,0,0,0,0,0,0,0,0,0,0,0,0,0,0,0,0,0,0,0,0,0,0,0,0,0,0,0,0,0,0,0,0,0,0,0,0,0,0,0,0,0,0,0,0.00250804800949582,0.0079497087597241,0.0121367330589298,0.0165935998618573,0.0208501487168351,0.0220483997109945,0.0228737860062647,0.023448069794715,0.0246686296144124,0.0269921791412257,0.0283362012789506,0.0302751025307552,0.032013212389969,0.0348519929574688,0.0395889841385794,0.0453173950929851,0.051623952187953,0.057110925131319,0.0633926073150172,0.0709720727077641,0.0772846511328263,0.0831470316668575,0.08878408052647,0.0937692872025161,0.0988077270901566,0.103152535993066,0.106788236208575,0.11046457241157,0.114285286803909,0.11855532580911,0.121325853565504,0.123872536054185,0.12620196795729,0.128608139697048,0.13126524471222,0.13353289296436
0,0,0,0,0,0,0,0,0,0,0,0,0,0,0,0,0,0,0,0,0,0,0,0,0,0,0,0,0,0,0,0,0,0,0,0,0,0,0,0,0,0,0,0,0,0,0,0,0,0,0,0,0,0,0,0,0,0,0,0,0,0,0,0,0,0,0,0,0,0,0,0,0,0,0,0,0,0,0,0,0,0,0,0,0,0,0,0,0,0,0,0,0,0,0,0,0,0,0,0
0,0,0,0,0,0,0,0,0,0,0,0,0,0,0,0,0,0,0,0,0,0,0,0,0,0,0,0,0,0,0,0,0,0,0,0,0,0,0,0,0,0,0,0,0,0,0,0,0,0,0,0,0,0,0,0,0,0,0,0,0.0013532087615446,0.0148853590696543,0.0281251843079437,0.0424790429619553,0.0564484646258133,0.0700579369461265,0.0840180033534907,0.0983162498417426,0.110949903105982,0.12308714111086,0.136959019939063,0.149503644634325,0.161461995935238,0.174363137410861,0.186441942228609,0.197753551969524,0.208537218850327,0.218807154187649,0.227225737357119,0.234641334192445,0.243973750698178,0.252834341874873,0.260831986156694,0.267817276305654,0.27493722319479,0.281637395336774,0.28791589009089,0.293406653603798,0.298155703188252,0.302647404642236,0.306929297653836,0.310413875853841,0.312844561811312,0.314497584851052,0.314417572276061,0.315570109886118,0.314828435045085,0.315532671633351,0.315675461198724,0.315966918031114
0,0,0,0,0,0,0,0,0,0,0,0,0,0,0,0,0,0,0,0,0,0,0,0,0,0,0,0,0,0,0,0,0,0,0,0,0,0,0,0,0,0,0,0,0,0,0,0,0,0,0,0,0,0,0,0,0,0,0,0,0,0,0,0,0,0,0,0,0,0,0,0,0,0,0,0,0,0,0,0,0,0,0,0,0,0,0,0,0,0,0,0,0,0,0,0,0,0,0,0
0,0,0,0,0,0,0,0,0,0,0,0,0,0,0,0,0,0,0,0,0,0,0,0,0,0,0,0,0,0,0,0,0,0,0,0,0,0,0,0,0,0,0,0,0,0,0,0,0,0,0,0,0,0,0,0,0,0,0,0,0,0,0,0,0,0,0,0,0,0,0,0,0,0,0,0,0,0,0,0,0,0,0,0,0,0,0,0,0,0,0,0,0,0,0,0,0,0,0,0
0,0,0,0,0,0,0,0,0,0,0,0,0,0,0,0,0,0,0,0,0,0,0,0,0,0,0,0,0,0,0,0,0,0,0,0,0,0,0,0,0,0,0,0,0,0,0,0,0,0,0,0,0,0,0,0,0,0,0,0,0,0,0,0,0,0,0,0,0,0,0,0,0,0,0,0,0,0,0,0,0,0,0,0,0,0,0,0,0,0,0,0,0,0,0,0,0,0,0,0
0,0,0,0,0,0,0,0,0,0,0,0,0,0,0,0,0,0,0,0,0,0,0,0,0,0,0,0,0,0,0,0,0,0,0,0,0,0,0,0,0,0,0,0,0,0,0,0,0,0,0,0,0,0,0,0,0,0,0,0,0,0,0,0,0,0,0,0,0,0,0,0,0,0,0,0,0,0,0,0,0,0,0,0,0,0,0,0,0,0,0,-4.12104352259634e-05,-0.00427017197653006,-0.0100617955582321,-0.0177012176410001,-0.0236551105569873,-0.0303444190881509,-0.0355747525169669,-0.0416291528658964,-0.0470945722102652
0,0,0,0,0,0,0,0,0,0,0,0,0,0,0,0,0,0,0,0,0,0,0,0,0,0,0,0,0,0,0,0,0,0,0,0,0,0,0,0,0,0,0,0,0,0,0,0,0,0,0,0,0,0,0,0,0,0,0,0,0,0.00667645663584997,0.0180690297395164,0.0297457312754925,0.0401809769467282,0.0505984889252871,0.0616817045518824,0.0735111136061611,0.0851130823036157,0.0951848224264098,0.105359769371102,0.114313160634556,0.122002713969723,0.128298192949234,0.134422366791664,0.140561328763555,0.14575297502147,0.149090542207081,0.15225427313383,0.155950919116132,0.158598782269701,0.160590583717287,0.163207656344886,0.164988090989189,0.166023927086135,0.167446342470645,0.168436282854023,0.170141823414446,0.172544505575861,0.17484033481612,0.177766096907551,0.179177142557429,0.180004509950345,0.179252971692977,0.178901931888,0.180409622951806,0.1815581782124,0.182612947659513,0.182919657231789,0.183395248773055
0,0,0,0,0,0,0,0,0,0,0,0,0,0,0,0,0,0,0,0,0,0,0,0,0,0,0,0,0,0,0,0,0,0,0,0,0,0,0,0,0,0,0,0,0,0,0,0,0,0,0,0,0,0,0,0,0,0,0,0,0,0,0,0,0,0,0,0,0,0,0,0,0,0,0,0,0,0,0,0,0,0,0,0,0,0,0,0,0,0,0,0,0,0,0,0,0,0,0,0
0,0,0,0,0,0,0,0,0,0,0,0,0,0,0,0,0,0,0,0,0,0,0,0,0,0,0,0,0,0,0,0,0,0,0,0,0,0,0,0,0,0,0,0,0,0,0,0,0,0,0,0,0,0,0,0,0,0,0,0,0,0,0,0,0,0,0,0,0,0,0,0,0,0,0,0,0,0,0,0,0,0,0,0,0,0,0,0,0,0,0,0,0,0,0,0,0,0,0,0
0,0,0,0,0,0,0,0,0,0,0,0,0,0,0,0,0,0,0,0,0,0,0,0,0,0,0,0,0,0,0,0,0,0,0,0,0,0,0,0,0,0,0,0,0,0,0,0,0,0,0,0,0,0,0,0,0,0,0,0,0,0,0,0,0,0,0,0,0,0,0,0,0,0,0,0,0,0,0,0,0,0,0,0,0,0,0,0,0,0,0,-0.00229661281716969,-0.00866264472452037,-0.0170769439224252,-0.0263523895176835,-0.0328371028067946,-0.0414693993812569,-0.0476797222817665,-0.0557855117726067,-0.062386885119565
0,0,0,0,0,0,0,0,0,0,0,0,0,0,0,0,0,0,0,0,0,0,0,0,0,0,0,0,0,0,0,0,0,0,0,0,0,0,0,0,0,0,0,0,0,0,0,0,0,0,0,0,0,0,0,0,0,0,0,0,0,0,0,0,0,0,0,0,0,0,0,0,0,0,0,0,0,0,0,0,0,0,0,0,0,0,0,0,0,0,0,0,0,0,0,0,0,0,0,0
0,0,0,0,0,0,0,0,0,0,0,0,0,0,0,0,0,0,0,0,0,0,0,0,0,0,0,0,0,0,0,0,0,0,0,0,0,0,0,0,0,0,0,0,0,0,0,0,0,0,0,0,0,0,0,0,0,0,0,0,0,0,0,0,0,0,0,0,0,0,0,0,0,0,0,0,0,0,0,0,0,0,0,0,0,0,0,0,0,0,0,0,0,0.000348567394986635,0.00531068069888253,0.00889009607680043,0.0135775588293202,0.017536464284296,0.0223089485402483,0.0265134686108808
0,0,0,0,0,0,0,0,0,0,0,0,0,0,0,0,0,0,0,0,0,0,0,0,0,0,0,0,0,0,0,0,0,0,0,0,0,0,0,0,0,0,0,0,0,0,0,0,0,0,0,0,0,0,0,0,0,0,0,0,0,0,0,0,0,0,0,0,0,0,0,0,0,0,0,0,0,0,0,0,0,0,0,0,0,0,0,0,0,0,0,0,0,0,0,0,0,0,0,0
0,0,0,0,0,0,0,0,0,0,0,0,0,0,0,0,0,0,0,0,0,0,0,0,0,0,0,0,0,0,0,0,0,0,0,0,0,0,0,0,0,0,0,0,0,0,0,0,0,0,0,0,0,0,0,0,0,0,0,0,0,0,0,0,0,0,0,0,0,0,0,0,0,0,0,0,0,0,0,0,0,0,0,0,0,0,0,0,0,0,0,0,0,0,0,0,0,0,0,0
0,0,0,0,0,0,0,0,0,0,0,0,0,0,0,0,0,0,0,0,0,0,0,0,0,0,0,0,0,0,0,0,0,0,0,0,0,0,0,0,0,0,0,0,0,0,0,0,0,0,0,0,0,0,0,0,0,0,0,0,0,0,0,0,0,0,0,0,0,0,0,0,0,0,0,0,0,0,0,0,0,0,0,0,0,0,0,0,0,0,0,0,0,0,0,0,0,0,0,0
0,0,0,0,0,0,0,0,0,0,0,0,0,0,0,0,0,0,0,0,0,0,0,0,0,0,0,0,0,0,0,0,0,0,0,0,0,0,0,0,0,0,0,0,0,0,0,0,0,0,0,0,0,0,0,0,0,0,0,0,0,0,0,0,0,0,0,0,0,0,0,0,0,0,0,0,0,0,0,0,0,0,0,0,0,0,0,0,0,0,0,0,0,0,0,0,0,0,0,0
0,0,0,0,0,0,0,0,0,0,0,0,0,0,0,0,0,0,0,0,0,0,0,0,0,0,0,0,0,0,0,0,0,0,0,0,0,0,0,0,0,0,0,0,0,0,0,0,0,0,0,0,0,0,0,0,0,0,0,0,0,0,0,0,0,0,0,0,0,0,0,0,0,0,0,0,0,0,0,0,0,0,0,0,0,0,0,0,0,0,0,0,0,0,0,0,0,0,0,0
0,0,0,0,0,0,0,0,0,0,0,0,0,0,0,0,0,0,0,0,0,0,0,0,0,0,0,0,0,0,0,0,0,0,0,0,0,0,0,0,0,0,0,0,0,0,0,0,0,0,0,0,0,0,0,0,0,0,0,0,0,0,0,0,0,0,0,0,0,0,0,0,0,0,0,0,0,0,0,0,0,0,0,0,0,0,0,0,0,0,0,0,0,0,0,0,0,0,0,0
0,0,0,0,0,0,0,0,0,0,0,0,0,0,0,0,0,0,0,0,0,0,0,0,0,0,0,0,0,0,0,0,0,0,0,0,0,0,0,0,0,0,0,0,0,0,0,0,0,0,0,0,0,0,0,0,0,0,0,0,0,0,0.00369357166136021,0.011104447111937,0.0179556189607787,0.0255773421713978,0.0323368439889645,0.0379044392869416,0.043404865653401,0.049996419170125,0.0561454933194915,0.0620323263594182,0.0686173784155406,0.0756847330421436,0.0823931191549915,0.0890579319597785,0.0962870910697875,0.103537777040007,0.110359552588853,0.116998519768146,0.12631830642802,0.134733621649557,0.142505997346962,0.150037201782669,0.157719136830802,0.16479214220866,0.171348325975096,0.176895293871389,0.182426474983362,0.18738704297132,0.192805088074453,0.198724205705864,0.204415434571296,0.209927691828208,0.214612067684259,0.218535055785021,0.222835050731148,0.22680146490339,0.231466423910179,0.235475263895855
0,0,0,0,0,0,0,0,0,0,0,0,0,0,0,0,0,0,0,0,0,0,0,0,0,0,0,0,0,0,0,0,0,0,0,0,0,0,0,0,0,0,0,0,0,0,0,0,0,0,0,0,0,0,0,0,0,0,0,0,0,0,0,0,0,0,0,0,0,0,0,0,0,0,0,0,0,0,0,0,0,0,0,0,0,0,0,0,0,0,0,0,0,0,0,0,0,0,0,0
0,0,0,0,0,0,0,0,0,0,0,0,0,0,0,0,0,0,0,0,0,0,0,0,0,0,0,0,0,0,0,0,0,0,0,0,0,0,0,0,0,0,0,0,0,0,0,0,0,0,0,0,0,0,0,0,0,0,0,0,0,0,0,0,0,0,0,0,0,0,0,0,0,0,0,0,0,0,0,0,0,0,0,0,0,0,0,0,0,0,0,0,0,0,-0.000755701745787123,-0.00329525783413343,-0.00572339459483939,-0.00787816197714689,-0.00962338345646365,-0.0114341075058327
0,0,0,0,0,0,0,0,0,0,0,0,0,0,0,0,0,0,0,0,0,0,0,0,0,0,0,0,0,0,0,0,0,0,0,0,0,0,0,0,0,0,0,0,0,0,0,0,0,0,0,0,0,0,0,0,0,0,0,0,0,0,0,0,0,0,0,0,0,0,0,0,0,0,0,0,0,0,0,0,0,0,0,0,0,0,0,0,0,0,0,0,0,0,0,0,0,0,0,0
0,0,0,0,0,0,0,0,0,0,0,0,0,0,0,0,0,0,0,0,0,0,0,0,0,0,0,0,0,0,0,0,0,0,0,0,0,0,0,0,0,0,0,0,0,0,0,0,0,0,0,0,0,0,0,0,0,0,0,0,0,0,0,0,0,0,0,0,0,0,0,0,0,0,0,0,0,0,0.00176836964461189,0.00628397462002382,0.0120739815425369,0.0187107043674593,0.0244579378057562,0.0286658460690266,0.0321990236290855,0.0359620439303464,0.0398647636194779,0.0428724574451819,0.0453680341043586,0.0474558625403797,0.0487641403667957,0.0490025822140864,0.0503473778769485,0.0513186472769704,0.0513028988295714,0.0517982116762317,0.051048729113171,0.0505719719243552,0.0495582597696058,0.0488813869482564
0,0,0,0,0,0,0,0,0,0,0,0,0,0,0,0,0,0,0,0,0,0,0,0,0,0,0,0,0,0,0,0,0,0,0,0,0,0,0,0,0,0,0,0,0,0,0,0,0,0,0,0,0,0,0,0,0,0,0,0,0,0,0,0,0,0,0,0,0,0,0,0,0,0,0,0,0,-0.00249750610301728,-0.00839068799116477,-0.0134677208413149,-0.017480701761051,-0.0208159068012916,-0.0231647413870788,-0.0238212755181986,-0.02472487446721,-0.0259580440384294,-0.0267264068752665,-0.0279162757072187,-0.0300016083369425,-0.0323023133031646,-0.0349720211082682,-0.0391137807651514,-0.0430006555929363,-0.0473075760483467,-0.0508197227746472,-0.0531832644400184,-0.0557564315123333,-0.0578671529027476,-0.0601238947326571,-0.0621362890488334
0,0,0,0,0,0,0,0,0,0,0,0,0,0,0,0,0,0,0,0,0,0,0,0,0,0,0,0,0,0,0,0,0,0,0,0,0,0,0,0,0,0,0,0,0,0,0,0,0,0,0,0,0,0,0,0,0,0,0,0,0,0,0,0,0,0,0,0,0,0,0,0,0,0,0,0,0,0,0,0,0,0,0,0,0,0,0,0,0,0,0,0,0,0,0,0,0,0,0,0
0,0,0,0,0,0,0,0,0,0,0,0,0,0,0,0,0,0,0,0,0,0,0,0,0,0,0,0,0,0,0,0,0,0,0,0,0,0,0,0,0,0,0,0,0,0,0,0,0,0,0,0,0,0,0,0,0,0,0,0,0,0,0,0,0,0,0,0,0,0,0,0,0,0,0,0,0,0,0,0,0,0,0,0,0,0,0,0,0,0,0,0,0,0,0,0,0,0,0,0
0,0,0,0,0,0,0,0,0,0,0,0,0,0,0,0,0,0,0,0,0,0,0,0,0,0,0,0,0,0,0,0,0,0,0,0,0,0,0,0,0,0,0,0,0,0,0,0,0,0,0,0,0,0,0,0,0,0,0,0,0,0,0,0,0,0,0,0,0,0,0,0,0,0,0,0,0,0,0,-0.000842245286518255,-0.0134764752002775,-0.0276146181893618,-0.0414161065884454,-0.0556342670119977,-0.0700795912397701,-0.0832591146603395,-0.0968688692142192,-0.108763420839119,-0.12130067900915,-0.13205381611386,-0.140825594057906,-0.150847427839755,-0.159079190155098,-0.168631739341369,-0.177068360531914,-0.182805716180258,-0.190334551539635,-0.195487480875388,-0.201640001795479,-0.206620355149451
0,0,0,0,0,0,0,0,0,0,0,0,0,0,0,0,0,0,0,0,0,0,0,0,0,0,0,0,0,0,0,0,0,0,0,0,0,0,0,0,0,0,0,0,0,0,0,0,0,0,0,0,0,0,0,0,0,0,0,0,0,0,0,0,0,0,0,0,0,0,0,0,0,0,0,0,0,0,0,0,0,0,0,0,0,0,0,0,0,0.000124178486044235,0.00306584798168554,0.00449525140587,0.00499173906044828,0.00508037206434629,0.0060187741969167,0.00755177696845129,0.00954184121288074,0.0113150711717039,0.013157776024268,0.0148867448931949
0,0,0,0,0,0,0,0,0,0,0,0,0,0,0,0,0,0,0,0,0,0,0,0,0,0,0,0,0,0,0,0,0,0,0,0,0,0,0,0,0,0,0,0,0,0,0,0,0,0,0,0,0,0,0,0,0,0,0,0,0,0,0,0,0,0,0,0,0,0,0,0,0,0,0,0,0,0,0,0,0,0,0,0,0,0,0,0,0,0,0,0,0,0,0,0,0,0,0,0
0,0,0,0,0,0,0,0,0,0,0,0,0,0,0,0,0,0,0,0,0,0,0,0,0,0,0,0,0,0,0,0,0,0,0,0,0,0,0,0,0,0,0,0,0,0,0,0,0,0,0,0,0,0,0,0,0,0,0,0,0,0,0,0,0,0,0,0,0,0,0,0,0,0,0,0,0,0,0,0,0,0,0,0,0,0,0,0,0,0,0,0,0,0,0,0,0,0,0,0
0,0,0,0,0,0,0,0,0,0,0,0,0,0,0,0,0,0,0,0,0,0,0,0,0,0,0,0,0,0,0,0,0,0,0,0,0,0,0,0,0,0,0,0,0,0,0,0,0,0,0,-0.0053161183695591,-0.0102087435993434,-0.0144701424985628,-0.0185435203227378,-0.0226630869366566,-0.0264551034792911,-0.0306179694987667,-0.0348114386989609,-0.0387056785819437,-0.0417242665461264,-0.0482114080628576,-0.0542193795082158,-0.0589748944877674,-0.0633096165631225,-0.0678565677601796,-0.0724912642134276,-0.074850630425297,-0.0775745548330117,-0.083366700869808,-0.0885493152467916,-0.0938889978671635,-0.099236153132808,-0.102961907283496,-0.106911043133807,-0.110237777151931,-0.113627208139919,-0.116201369872547,-0.117965644013576,-0.119993072578028,-0.125253276137799,-0.130042800887478,-0.133569305861093,-0.137695286307624,-0.142825717474862,-0.146361086598616,-0.150044687851692,-0.152351775891758,-0.154254424279602,-0.156028087468278,-0.15706803357514,-0.158324995874428,-0.158859164492822,-0.159281301696789,-0.159451293021897,-0.15914372207916,-0.158833227071384,-0.15846563251901,-0.158381223353611,-0.158280412185866
0,0,0,0,0,0,0,0,0,0,0,0,0,0,0,0,0,0,0,0,0,0,0,0,0,0,0,0,0,0,0,0,0,0,0,0,0,0,0,0,0,0,0,0,0,0,0,0,0,0,0,0,0,0,0,0,0,0,0,0,0,0,0,0,0,0,0,0,0,0,0,0,0,0,0,0,0,0,0,0,0,0,0,0,0,0,0,0,0,0,0,-0.000444247929544211,-0.00354434529721124,-0.00753519336269587,-0.0110544372162741,-0.0129405971769478,-0.0154978513883284,-0.0173874066559723,-0.0198247381492662,-0.0216373636616032
0,0,0,0,0,0,0,0,0,0,0,0,0,0,0,0,0,0,0,0,0,0,0,0,0,0,0,0,0,0,0,0,0,0,0,0,0,0,0,0,0,0,0,0,0,0,0,0,0,0,0,0,0,0,0,0,0,0,0,0,0,0,0,0,0,0,0,0,0,0,0,0,0,0,0,0,0,0,0,0,0,0,0,0,0,0,0,0,0,0,0,0,0,0,0,0,0,0,0,0
0,0,0,0,0,0,0,0,0,0,0,0,0,0,0,0,0,0,0,0,0,0,0,0,0,0,0,0,0,0,0,0,0,0,0,0,0,0,0,0,0,0,0,0,0,0,0,0,0,0,0,0,0,0,0,0,0,0,0,0,0,0,0,0,0,0,0,0,0,0,0,0,0,0,0,0,0,0,0,0,0,0,0,0,0,0,0,0,0,0,0,0,0,0,0,0,0,0,0,0
0,0,0,0,0,0,0,0,0,0,0,0,0,0,0,0,0,0,0,0,0,0,0,0,0,0,0,0,0,0,0,0,0,0,0,0,0,0,0,0,0,0,0,0,0,0,0,0,0,0,0,0,0,0,0,0,0,0,0,0,0,0,0,0,0,0,0,0,0,0,0,0,0,0,0,0,0,0,0,0,0,0,0,0.00150903718702413,0.00754735079188683,0.0109407244373896,0.0142650719418367,0.0166969260664153,0.0185913707665842,0.0201229995653429,0.0214950156814707,0.0237049182907094,0.0242018284301074,0.0245925343082932,0.024831602306647,0.0250303743349326,0.0251759047213771,0.0253053052722737,0.0254564320537228,0.0255902353449713
0,0,0,0,0,0,0,0,0,0,0,0,0,0,0,0,0,0,0,0,0,0,0,0,0,0,0,0,0,0,0,0,0,0,0,0,0,0,0,0,0,0,0,0,0,0,0,0,0,0,0,0,0,0,0,0,0,0,0,0,0,0,0,0,0,0,0,0,0,0,0,0,0,0,0,0,0,0,0,0,0,0,0,0,0,0,0,0,0,-9.59248118875569e-05,-0.00175844588612235,-0.00183930117519325,-0.00249409267628555,-0.0018623634750853,-0.000358632756658499,0,0,0,0,0
0,0,0,0,0,0,0,0,0,0,0,0,0,0,0,0,0,0,0,0,0,0,0,0,0,0,0,0,0,0,0,0,0,0,0,0,0,0,0,0,0,0,0,0,0,0,0,0,0,0,0,0,0,0,0,0,0,0,0,0,0,0,0,0,0,0,0,0,0,0,0,0,0,0,0,0,0,0,0,0,0,0,0,0,0,0,0,0,0,0,0,0,0,0,0,0,0,0,0,0
0,0,0,0,0,0,0,0,0,0,0,0,0,0,0,0,0,0,0,0,0,0,0,0,0,0,0,0,0,0,0,0,0,0,0,0,0,0,0,0,0,0,0,0,0,0,0,0,0,0,0,0,0,0,0,0,0,0,0,0,0,0,-0.00601184983038831,-0.0144968826456117,-0.023135553330896,-0.0311799782395434,-0.03882943231978,-0.0470519005468856,-0.053477117730819,-0.0590682101253043,-0.0665166266228731,-0.0730131641176587,-0.0784662896162016,-0.0825894399439667,-0.0852189271838006,-0.0888066190764579,-0.0911882659898932,-0.0949649599998554,-0.0994876656069821,-0.102718918210748,-0.104836178164792,-0.108056210884636,-0.111573957974084,-0.118089174767308,-0.122199579251044,-0.127002599810949,-0.131879188198969,-0.136504087469314,-0.140802885937665,-0.145068552844638,-0.148400434882621,-0.150879198767473,-0.154297819054427,-0.158171111434092,-0.163344930205264,-0.167129239550459,-0.17089784618098,-0.174373950758952,-0.177868285275919,-0.18118012336122
0,0,0,0,0,0,0,0,0,0,0,0,0,0,0,0,0,0,0,0,0,0,0,0,0,0,0,0,0,0,0,0,0,0,0,0,0,0,0,0,0,0,0,0,0,0,0,0,0,0,0,0,0,0,0,0,0,0,0,0,0,0,0,0,0,0,0,0,0,0,0,0,0,0,0,0,0,0,0,0,0,0,0,0,0,0,0,0,0,0,0,0,0,0,0,0,0,0,0,0
0,0,0,0,0,0,0,0,0,0,0,0,0,0,0,0,0,0,0,0,0,0,0,0,0,0,0,0,0,0,0,0,0,0,0,0,0,0,0,0,0,0,0,0,0,0,0,0,0,0,0,0,0,0,0,0,0,0,0,0,0,0,0,0,0,0,0,0,0,0,0,0,0,0,0,0,0,0,0,0,0,0,0,0,0,0,0,0,0,0,0,0,0,0,0,0,0,0,0,0
0,0,0,0,0,0,0,0,0,0,0,0,0,0,0,0,0,0,0,0,0,0,0,0,0,0,0,0,0,0,0,0,0,0,0,0,0,0,0,0,0,0,0,0,0,0,0,0,0,0,0,0,0,0,0,0,0,0,0,0,0,0,0,0,0,0,0,0,0,0,0,0,0,0,0,0,0,0,0,0,0,0,0,0,0,0,0,0,0,0,0,0,0,0,0,0,0,0,0,0
0,0,0,0,0,0,0,0,0,0,0,0,0,0,0,0,0,0,0,0,0,0,0,0,0,0,0,0,0,0,0,0,0,0,0,0,0,0,0,0,0,0,0,0,0,0,0,0,0,0,0,0,0,0,0,0,0,0,0,0,0,0,0,0,0,0,0,0,0,0,0,0,0,0,0,0,0,0,0,0,0,0,0,0,0,0,0,0,0,0,0,0,0,0,0,0,0,0,0,0
0,0,0,0,0,0,0,0,0,0,0,0,0,0,0,0,0,0,0,0,0,0,0,0,0,0,0,0,0,0,0,0,0,0,0,0,0,0,0,0,0,0,0,0,0,0,0,0,0,0,0,0,0,0,0,0,0,0,0,0,0,0,0,0,0,0,0,0,0,0,0,0,0,0,0,0,0,0,0,0,0,0,0,0,0,0,0,0,0,0,0.000240571814772546,0.00418371582380078,0.00811769094574529,0.0128592614657625,0.0179768783525407,0.0219023845974158,0.0270220235302432,0.0309467949539957,0.0354411837757593,0.0393423536042118
0,0,0,0,0,0,0,0,0,0,0,0,0,0,0,0,0,0,0,0,0,0,0,0,0,0,0,0,0,0,0,0,0,0,0,0,0,0,0,0,0,0,0,0,0,0,0,0,0,0,0,0,0,0,0,0,0,0,0,0,0,0,0,0,0,0,0,0,0,0,0,0,0,0,0,0,0,0,0,0,0,0,0,0,0,0,0,0,0,0,0,0,0,0,0,0,0,0,0,0
0,0,0,0,0,0,0,0,0,0,0,0,0,0,0,0,0,0,0,0,0,0,0,0,0,0,0,0,0,0,0,0,0,0,0,0,0,0,0,0,0,0,0,0,0,0,0,0,0,0,0,0,0,0,0,0,0,0,0,0,0,0,0,0,0,0,0.00710743189641299,0.0173864222565929,0.0275378569836908,0.0356883739112935,0.0454433540323258,0.053621070787528,0.0610767314869628,0.0692846321084137,0.0767031411533479,0.0843503126756337,0.0914118375595604,0.0974525308671702,0.102474143870515,0.108156384075232,0.113036109212829,0.117216118023897,0.120723401962302,0.124014470468546,0.127176866019307,0.130115497993429,0.132662237472764,0.135654691501278,0.1385170029973,0.14152802305211,0.144569078448065,0.148848527393374,0.153536850303857,0.158985400228687,0.165161512358849,0.1697815596951,0.175868265988927,0.180252766286063,0.185582069121412,0.190122382946751
0,0,0,0,0,0,0,0,0,0,0,0,0,0,0,0,0,0,0,0,0,0,0,0,0,0,0,0,0,0,0,0,0,0,0,0,0,0,0,0,0,0,0,0,0,0,0,0,0,0,0,0,0,0,0,0,0,0,0,0,0,0,0,0,0,0,0,0,0,0,0,0,0,0,0,0,0,0,0,0,0,0,0,0,0,0,0,0,0,0,0,0,0,0,0,0,0,0,0,0
